products_id|persons_id|kg_product
1|92|0.05
3|500|0.04
2|379|0.05
1|630|0.02
3|474|0.04
3|737|0.04
2|784|0.03
3|762|0.05
2|251|0.03
3|466|0.02
2|194|0.04
1|465|0.06
1|146|0.03
1|450|0.04
3|161|0.02
1|945|0.05
1|61|0.02
3|492|0.03
3|763|0.03
3|208|0.06
3|605|0.05
3|94|0.04
2|659|0.02
2|396|0.05
1|302|0.04
1|994|0.05
3|786|0.02
2|823|0.04
1|720|0.04
2|395|0.04
1|109|0.02
3|298|0.05
2|446|0.04
3|595|0.05
2|856|0.03
2|521|0.05
2|177|0.05
3|267|0.02
3|752|0.06
2|367|0.01
2|476|0.05
3|662|0.06
3|28|0.05
3|857|0.04
2|561|0.03
1|166|0.03
1|389|0.06
3|456|0.01
2|195|0.05
1|692|0.02
3|303|0.02
3|492|0.05
1|76|0.06
2|85|0.02
2|313|0.01
3|888|0.04
3|710|0.01
3|978|0.05
2|935|0.05
1|591|0.06
1|353|0.03
2|30|0.03
2|880|0.06
1|43|0.02
3|687|0.01
3|857|0.02
3|524|0.05
1|334|0.03
1|897|0.05
2|228|0.01
3|577|0.03
1|427|0.01
2|533|0.05
3|878|0.04
3|537|0.04
2|553|0.01
3|655|0.05
1|623|0.02
1|299|0.06
3|646|0.01
3|592|0.03
3|305|0.02
1|974|0.03
3|678|0.05
1|627|0.06
1|63|0.05
3|983|0.06
3|816|0.03
1|371|0.04
1|192|0.01
1|240|0.02
1|133|0.03
1|86|0.04
1|506|0.05
2|874|0.04
2|951|0.04
3|686|0.06
2|416|0.02
2|986|0.02
3|514|0.02
3|259|0.04
1|14|0.02
1|975|0.02
1|611|0.05
1|774|0.02
1|63|0.04
2|904|0.02
1|457|0.02
3|94|0.06
3|918|0.01
1|912|0.05
1|694|0.03
3|752|0.02
3|417|0.03
3|403|0.05
1|511|0.02
1|58|0.05
3|132|0.04
1|271|0.03
3|159|0.06
2|729|0.06
1|861|0.06
1|136|0.03
2|118|0.03
3|685|0.02
2|634|0.04
2|802|0.02
2|968|0.03
2|751|0.04
2|833|0.03
2|315|0.03
2|195|0.03
1|934|0.02
2|615|0.02
1|781|0.03
2|430|0.05
2|750|0.06
1|249|0.01
3|674|0.02
3|987|0.06
2|657|0.02
2|638|0.05
2|977|0.04
3|695|0.03
2|189|0.02
1|864|0.04
3|378|0.03
2|385|0.04
2|893|0.01
3|403|0.06
2|615|0.01
2|344|0.03
3|763|0.04
2|738|0.05
1|820|0.05
2|416|0.05
1|999|0.02
1|705|0.03
1|198|0.03
1|882|0.03
2|368|0.01
2|527|0.02
3|655|0.06
2|792|0.04
2|204|0.05
2|85|0.06
2|360|0.02
2|374|0.04
1|6|0.03
3|29|0.05
1|770|0.03
2|838|0.03
2|521|0.01
3|406|0.02
1|632|0.05
1|769|0.01
3|962|0.05
3|665|0.01
2|463|0.04
1|364|0.03
2|430|0.02
2|556|0.03
3|209|0.06
3|737|0.03
3|824|0.03
3|79|0.06
3|779|0.05
2|402|0.02
3|362|0.02
2|70|0.04
1|892|0.05
2|850|0.02
1|858|0.01
2|404|0.03
2|344|0.02
3|938|0.04
3|695|0.02
3|39|0.06
3|216|0.01
3|811|0.01
2|164|0.03
2|499|0.03
2|438|0.02
2|521|0.05
1|582|0.05
3|147|0.03
2|927|0.02
3|559|0.05
2|80|0.05
3|199|0.04
2|130|0.02
2|244|0.02
1|350|0.02
3|456|0.01
1|17|0.04
1|912|0.01
2|963|0.03
1|701|0.04
3|711|0.05
3|554|0.04
2|141|0.02
1|631|0.05
3|349|0.04
3|835|0.05
1|562|0.03
3|293|0.04
1|855|0.03
1|865|0.05
1|544|0.06
1|781|0.01
2|750|0.01
2|359|0.02
2|321|0.03
3|777|0.02
2|638|0.01
2|0|0.01
3|660|0.06
1|995|0.04
1|117|0.03
3|111|0.01
2|979|0.02
3|199|0.01
2|444|0.06
2|172|0.04
1|780|0.04
3|340|0.02
3|241|0.01
1|105|0.03
1|234|0.03
2|823|0.03
2|470|0.05
3|18|0.02
3|984|0.02
1|218|0.01
2|183|0.04
2|600|0.03
1|872|0.06
1|48|0.04
3|366|0.05
1|494|0.04
2|464|0.05
2|875|0.04
1|649|0.05
2|476|0.02
2|481|0.06
1|502|0.04
2|236|0.02
1|133|0.05
2|553|0.05
3|316|0.03
3|381|0.04
1|227|0.06
3|758|0.05
1|523|0.04
3|681|0.02
3|199|0.03
2|792|0.05
3|28|0.05
3|20|0.05
1|900|0.01
1|264|0.05
2|9|0.01
2|589|0.04
3|998|0.01
3|158|0.04
1|84|0.03
3|763|0.01
3|663|0.04
3|419|0.04
2|181|0.01
2|148|0.03
3|601|0.02
2|621|0.03
1|506|0.03
3|843|0.01
3|584|0.04
1|72|0.04
1|173|0.06
3|316|0.01
1|915|0.03
1|507|0.01
1|714|0.03
1|453|0.03
2|782|0.03
2|868|0.05
3|225|0.05
2|50|0.02
1|341|0.02
2|287|0.03
1|572|0.02
2|321|0.03
3|378|0.06
2|91|0.06
1|341|0.06
2|463|0.04
1|63|0.02
2|586|0.05
2|396|0.04
3|916|0.05
3|929|0.06
3|954|0.01
2|530|0.02
3|955|0.02
1|461|0.02
1|77|0.02
3|492|0.03
1|143|0.01
2|251|0.06
2|223|0.04
1|507|0.02
3|891|0.01
2|23|0.01
3|337|0.03
3|686|0.05
2|527|0.04
1|684|0.02
2|875|0.03
3|573|0.02
3|724|0.02
3|948|0.02
2|100|0.06
3|162|0.01
3|931|0.03
1|136|0.06
3|68|0.05
2|205|0.03
3|577|0.03
2|309|0.03
3|500|0.04
3|685|0.05
3|96|0.04
2|810|0.02
2|194|0.02
1|794|0.03
3|134|0.04
1|778|0.06
1|837|0.05
3|8|0.04
2|331|0.01
1|238|0.01
2|813|0.04
1|922|0.03
2|533|0.05
1|803|0.04
2|607|0.03
3|135|0.03
2|525|0.02
3|673|0.05
1|895|0.04
2|148|0.02
3|246|0.05
1|619|0.03
2|965|0.02
2|478|0.03
3|763|0.05
1|563|0.03
3|816|0.04
2|70|0.01
2|367|0.04
3|215|0.04
2|557|0.03
3|207|0.03
2|697|0.03
2|957|0.01
3|933|0.04
2|342|0.03
2|698|0.02
2|436|0.02
3|473|0.02
1|119|0.05
2|731|0.06
2|435|0.02
3|590|0.04
1|735|0.04
3|522|0.02
1|781|0.05
1|743|0.03
3|950|0.01
2|893|0.03
3|824|0.02
2|331|0.03
2|270|0.05
1|703|0.02
2|721|0.02
3|663|0.04
3|732|0.02
1|370|0.02
3|8|0.03
1|895|0.03
3|954|0.05
1|154|0.01
2|160|0.03
2|856|0.01
1|829|0.03
3|508|0.05
3|11|0.02
2|242|0.03
3|655|0.04
3|643|0.02
2|659|0.03
3|555|0.05
3|417|0.04
3|919|0.02
3|913|0.06
3|913|0.02
1|173|0.06
1|465|0.05
2|50|0.02
3|907|0.03
3|44|0.06
2|444|0.04
2|286|0.06
3|624|0.06
2|363|0.05
3|429|0.03
1|627|0.03
3|801|0.01
2|263|0.01
3|811|0.01
2|532|0.03
2|828|0.02
1|848|0.02
1|353|0.01
2|571|0.04
3|425|0.03
3|262|0.04
2|965|0.02
2|196|0.03
3|361|0.04
1|864|0.02
1|65|0.01
2|981|0.04
2|326|0.05
2|898|0.02
1|46|0.02
3|28|0.05
3|846|0.02
2|874|0.01
1|354|0.01
2|638|0.05
3|921|0.05
1|701|0.05
3|492|0.04
2|367|0.03
3|761|0.02
3|843|0.06
2|295|0.04
2|721|0.05
3|492|0.04
2|468|0.06
1|572|0.05
1|829|0.05
2|971|0.03
2|164|0.04
3|913|0.04
3|418|0.03
2|26|0.02
3|323|0.05
3|947|0.04
1|565|0.02
3|788|0.03
2|604|0.04
2|675|0.01
1|358|0.03
1|509|0.03
3|157|0.01
3|480|0.06
2|593|0.05
2|807|0.04
1|543|0.05
1|268|0.04
1|544|0.03
3|920|0.04
3|296|0.04
1|206|0.05
3|134|0.02
2|180|0.03
1|690|0.02
3|125|0.04
3|480|0.02
2|799|0.02
2|251|0.06
2|968|0.01
2|449|0.04
3|739|0.02
3|545|0.02
2|593|0.01
2|991|0.04
1|925|0.02
2|195|0.04
2|815|0.03
1|399|0.03
1|459|0.04
1|632|0.04
3|646|0.03
3|95|0.04
2|85|0.03
3|325|0.04
3|362|0.02
3|862|0.06
3|473|0.02
3|400|0.06
1|855|0.03
3|969|0.04
1|487|0.03
2|486|0.03
3|433|0.03
2|21|0.02
1|829|0.02
1|401|0.04
3|919|0.05
1|744|0.04
2|594|0.03
1|129|0.05
2|481|0.02
2|712|0.03
3|801|0.04
1|642|0.01
2|9|0.05
3|278|0.02
1|131|0.02
2|187|0.03
1|502|0.04
1|136|0.02
2|170|0.04
3|125|0.02
3|800|0.02
3|162|0.04
3|913|0.05
1|837|0.05
1|347|0.03
1|92|0.03
1|886|0.03
2|313|0.02
1|764|0.02
2|226|0.03
1|442|0.02
1|632|0.04
3|296|0.01
3|222|0.05
1|867|0.03
3|919|0.03
2|37|0.03
3|392|0.06
3|555|0.04
3|997|0.02
2|564|0.05
1|291|0.02
2|810|0.03
3|862|0.02
2|196|0.01
2|21|0.04
2|331|0.03
2|600|0.05
2|750|0.05
1|354|0.01
3|585|0.03
2|486|0.06
2|787|0.03
2|729|0.04
1|876|0.06
2|295|0.05
2|871|0.02
1|650|0.03
1|598|0.04
2|332|0.05
2|699|0.02
3|869|0.04
2|740|0.05
2|756|0.01
3|730|0.01
3|45|0.01
3|94|0.01
3|676|0.01
2|99|0.06
1|714|0.03
1|114|0.05
1|895|0.01
1|173|0.01
3|748|0.03
3|197|0.04
1|683|0.04
2|470|0.05
3|376|0.06
1|832|0.05
2|275|0.02
1|383|0.03
2|416|0.06
2|387|0.05
3|94|0.05
1|631|0.01
1|619|0.05
3|29|0.02
3|854|0.03
1|81|0.03
3|834|0.06
3|931|0.02
3|629|0.05
1|350|0.02
2|981|0.06
2|899|0.05
3|798|0.04
2|738|0.05
1|803|0.06
3|20|0.06
3|907|0.02
1|803|0.05
3|488|0.02
3|949|0.02
2|436|0.02
2|738|0.05
3|602|0.03
3|758|0.06
3|496|0.03
1|649|0.04
1|233|0.02
1|995|0.02
1|794|0.06
2|571|0.06
2|236|0.02
1|872|0.05
2|476|0.05
3|733|0.05
3|456|0.05
3|923|0.03
2|784|0.05
1|442|0.02
1|717|0.05
3|585|0.05
3|959|0.05
3|207|0.03
2|444|0.02
3|793|0.05
2|255|0.02
3|349|0.04
2|805|0.05
3|757|0.06
2|175|0.02
1|995|0.05
1|290|0.05
1|980|0.03
2|815|0.03
1|518|0.05
1|497|0.01
1|911|0.01
3|652|0.05
3|853|0.01
2|569|0.04
3|316|0.04
2|91|0.01
3|52|0.03
2|311|0.02
1|820|0.05
2|988|0.04
3|902|0.05
1|696|0.06
1|917|0.02
1|565|0.05
1|694|0.01
3|811|0.02
1|882|0.04
2|80|0.03
1|234|0.04
3|241|0.02
1|131|0.04
3|25|0.06
3|998|0.01
2|93|0.06
3|878|0.06
1|206|0.01
1|88|0.06
3|949|0.01
3|98|0.04
3|392|0.06
3|629|0.02
1|31|0.05
2|566|0.06
3|941|0.06
3|433|0.04
2|826|0.04
1|143|0.05
1|886|0.06
1|924|0.01
2|899|0.04
2|404|0.05
2|404|0.01
3|616|0.02
2|826|0.05
1|485|0.05
2|597|0.04
3|267|0.04
1|926|0.03
2|715|0.06
2|927|0.06
3|87|0.04
2|342|0.03
1|934|0.02
3|711|0.04
3|145|0.02
3|392|0.06
3|188|0.03
2|312|0.02
2|656|0.05
2|266|0.04
2|784|0.02
3|923|0.03
3|112|0.02
1|460|0.01
3|777|0.05
1|626|0.02
3|25|0.02
2|436|0.02
1|450|0.04
3|920|0.01
2|550|0.03
1|247|0.03
3|451|0.05
3|210|0.02
3|834|0.03
2|50|0.03
3|624|0.05
3|599|0.02
2|682|0.04
3|381|0.04
1|942|0.04
2|178|0.02
1|764|0.04
3|345|0.05
2|369|0.06
1|240|0.04
2|807|0.02
1|744|0.05
1|544|0.06
3|482|0.02
1|41|0.06
1|618|0.05
1|830|0.04
1|728|0.05
2|868|0.04
1|334|0.02
3|346|0.02
2|979|0.02
3|441|0.03
3|351|0.03
2|99|0.05
2|9|0.06
1|743|0.03
2|898|0.01
2|311|0.03
2|175|0.03
1|580|0.04
1|764|0.02
1|538|0.01
1|578|0.05
2|141|0.02
3|952|0.01
1|608|0.03
1|753|0.05
2|1|0.06
1|186|0.02
3|407|0.05
1|166|0.05
1|837|0.04
2|841|0.02
1|808|0.05
2|813|0.02
1|926|0.03
3|955|0.04
3|12|0.03
1|77|0.02
1|467|0.05
2|935|0.05
3|681|0.03
1|452|0.04
1|81|0.04
1|350|0.05
1|356|0.05
2|446|0.03
1|658|0.01
2|108|0.02
2|792|0.03
3|458|0.02
1|890|0.04
3|377|0.06
1|790|0.05
1|290|0.03
1|867|0.05
1|485|0.04
3|157|0.02
1|889|0.03
1|960|0.05
3|853|0.03
1|999|0.01
3|576|0.04
3|628|0.06
3|407|0.06
1|479|0.06
3|919|0.01
2|600|0.02
1|227|0.03
1|563|0.06
1|271|0.05
1|688|0.04
1|744|0.03
3|422|0.04
2|571|0.02
2|525|0.05
1|116|0.02
2|454|0.02
1|237|0.03
2|66|0.04
1|895|0.01
3|592|0.02
3|985|0.02
3|15|0.02
3|394|0.05
1|626|0.01
2|408|0.01
3|539|0.04
3|948|0.03
3|147|0.02
3|545|0.06
3|211|0.05
3|406|0.01
3|936|0.03
1|960|0.01
3|535|0.05
1|509|0.05
2|384|0.01
1|193|0.03
2|741|0.04
3|29|0.05
3|726|0.05
3|954|0.01
3|901|0.03
1|804|0.01
1|540|0.04
2|807|0.03
2|617|0.03
3|28|0.01
1|842|0.02
3|102|0.04
1|6|0.05
2|27|0.02
2|449|0.05
3|211|0.02
1|873|0.05
2|223|0.02
2|838|0.05
3|921|0.06
1|59|0.06
2|311|0.05
3|824|0.03
1|651|0.03
2|836|0.04
3|907|0.02
2|645|0.01
3|330|0.05
1|930|0.04
1|519|0.04
3|366|0.06
1|890|0.02
2|836|0.03
2|80|0.05
1|220|0.02
1|58|0.03
1|493|0.03
1|153|0.06
2|308|0.05
3|319|0.05
1|883|0.05
2|813|0.03
1|637|0.01
1|572|0.04
3|191|0.02
3|425|0.05
1|442|0.03
2|213|0.02
1|591|0.03
1|76|0.03
2|515|0.05
3|211|0.05
3|11|0.02
1|33|0.06
2|446|0.03
1|116|0.02
3|766|0.05
1|427|0.01
3|614|0.05
3|167|0.04
1|832|0.06
1|347|0.04
3|948|0.05
1|280|0.01
3|952|0.04
3|20|0.01
3|289|0.05
3|162|0.02
3|8|0.03
3|902|0.04
2|612|0.01
1|10|0.06
1|59|0.02
1|240|0.02
1|487|0.06
2|307|0.04
3|480|0.06
3|53|0.04
3|52|0.04
1|863|0.02
1|806|0.06
3|318|0.03
3|624|0.03
2|468|0.03
2|179|0.04
1|992|0.05
2|258|0.04
2|393|0.06
2|449|0.05
1|390|0.02
3|406|0.04
3|535|0.03
1|31|0.04
3|343|0.01
2|784|0.04
3|378|0.01
3|68|0.04
3|447|0.04
1|114|0.04
2|30|0.02
3|406|0.01
1|677|0.05
3|422|0.03
3|672|0.03
2|542|0.06
3|330|0.01
3|147|0.05
1|774|0.04
1|830|0.05
1|630|0.03
1|642|0.04
2|871|0.03
3|970|0.03
1|575|0.02
2|965|0.02
3|585|0.04
3|680|0.01
2|311|0.02
1|608|0.04
2|712|0.06
3|199|0.01
2|363|0.06
2|73|0.03
1|269|0.02
3|340|0.01
2|23|0.03
2|706|0.02
2|567|0.04
1|498|0.05
3|946|0.04
2|849|0.03
3|330|0.06
3|381|0.01
1|770|0.03
1|174|0.02
1|240|0.02
2|566|0.02
2|306|0.05
2|226|0.02
3|47|0.05
2|606|0.04
3|936|0.02
3|128|0.01
1|861|0.02
3|417|0.05
2|194|0.01
2|360|0.06
1|415|0.02
2|648|0.05
2|80|0.03
2|610|0.02
1|974|0.03
2|190|0.05
2|66|0.04
2|963|0.03
2|600|0.01
3|382|0.04
2|957|0.03
2|295|0.03
1|860|0.04
2|373|0.06
1|65|0.06
3|11|0.02
3|733|0.04
1|654|0.05
2|828|0.06
3|8|0.04
2|144|0.03
3|232|0.05
1|163|0.06
2|957|0.03
2|26|0.02
1|498|0.02
1|77|0.06
2|706|0.04
1|925|0.01
3|941|0.03
1|794|0.02
3|748|0.06
1|437|0.06
3|491|0.05
2|308|0.04
2|144|0.04
1|106|0.04
3|51|0.02
2|725|0.04
2|486|0.01
3|55|0.04
2|818|0.05
1|59|0.02
2|807|0.05
1|774|0.01
2|196|0.01
3|500|0.02
3|759|0.05
2|30|0.04
3|635|0.02
1|910|0.02
1|858|0.04
3|482|0.03
3|771|0.02
2|787|0.06
3|203|0.04
3|923|0.06
2|80|0.02
1|354|0.04
3|210|0.04
1|873|0.03
2|791|0.04
3|101|0.03
2|845|0.04
3|42|0.02
1|14|0.03
1|109|0.03
1|401|0.03
2|818|0.04
1|538|0.05
2|110|0.03
3|71|0.02
3|710|0.05
3|388|0.01
1|719|0.04
3|420|0.04
1|679|0.05
1|426|0.05
2|877|0.02
2|272|0.03
1|565|0.02
3|492|0.04
2|531|0.05
2|287|0.01
2|395|0.04
3|140|0.04
1|57|0.04
1|544|0.06
1|153|0.05
1|253|0.05
1|6|0.05
3|599|0.02
3|472|0.06
1|497|0.03
2|435|0.04
2|566|0.05
1|972|0.05
1|220|0.05
3|95|0.05
3|786|0.03
1|598|0.02
1|327|0.01
3|834|0.02
3|52|0.05
2|529|0.04
2|682|0.02
3|337|0.02
1|829|0.03
2|172|0.04
3|629|0.04
3|97|0.05
1|432|0.04
1|467|0.02
2|547|0.06
1|702|0.04
3|763|0.06
2|813|0.04
1|781|0.03
1|477|0.02
3|985|0.05
1|146|0.04
3|595|0.05
1|618|0.03
2|782|0.02
3|663|0.04
3|398|0.03
3|568|0.04
1|900|0.02
1|705|0.06
2|396|0.04
1|829|0.05
3|938|0.05
2|814|0.05
1|860|0.05
2|404|0.01
3|188|0.03
2|386|0.05
3|98|0.02
1|427|0.06
3|824|0.02
3|325|0.04
1|644|0.03
1|459|0.03
2|435|0.03
3|398|0.05
2|620|0.03
2|332|0.04
2|251|0.06
2|961|0.02
1|930|0.04
1|538|0.04
2|448|0.05
3|938|0.02
3|388|0.03
1|341|0.05
1|637|0.02
2|621|0.05
1|591|0.04
2|530|0.01
2|699|0.02
1|235|0.05
3|913|0.06
2|847|0.03
2|309|0.04
1|716|0.03
2|368|0.04
1|389|0.05
3|946|0.05
3|500|0.02
3|469|0.03
1|848|0.01
2|831|0.02
3|243|0.02
2|604|0.04
3|535|0.03
1|668|0.05
1|534|0.04
3|230|0.02
1|421|0.03
2|510|0.02
3|660|0.03
3|857|0.02
1|623|0.01
2|276|0.06
3|878|0.05
2|99|0.06
2|715|0.01
2|251|0.01
2|939|0.05
2|411|0.06
1|192|0.03
1|129|0.05
1|4|0.05
2|607|0.06
3|919|0.03
3|760|0.04
3|737|0.01
2|236|0.06
1|254|0.02
1|945|0.04
1|269|0.03
2|307|0.01
3|382|0.06
2|939|0.03
3|182|0.03
2|822|0.04
1|806|0.05
1|910|0.06
3|825|0.06
1|666|0.04
2|775|0.02
3|75|0.01
3|953|0.03
2|659|0.04
1|269|0.04
2|189|0.04
2|697|0.03
3|132|0.01
1|76|0.05
1|352|0.06
1|467|0.02
2|525|0.03
1|619|0.04
3|866|0.02
2|26|0.04
2|3|0.04
1|934|0.06
3|816|0.05
1|450|0.01
3|79|0.05
1|861|0.04
2|708|0.05
2|436|0.02
1|212|0.02
3|646|0.01
2|905|0.01
2|831|0.06
3|11|0.05
1|146|0.05
3|158|0.02
1|56|0.02
3|182|0.03
3|950|0.04
1|700|0.04
2|150|0.02
2|336|0.05
1|317|0.05
2|609|0.06
2|747|0.05
1|654|0.04
2|219|0.03
3|660|0.01
1|639|0.03
3|406|0.04
3|687|0.01
1|233|0.03
3|901|0.02
1|683|0.05
1|139|0.04
3|318|0.02
3|135|0.02
1|487|0.05
3|211|0.02
1|667|0.01
1|88|0.06
3|420|0.05
2|541|0.06
3|585|0.05
3|545|0.04
1|212|0.05
2|856|0.05
1|565|0.06
3|325|0.01
2|326|0.05
2|905|0.03
3|786|0.02
3|902|0.06
2|499|0.04
2|471|0.04
3|200|0.03
3|590|0.03
2|363|0.02
3|766|0.06
3|726|0.02
2|454|0.05
1|501|0.01
3|225|0.02
1|872|0.03
1|453|0.03
1|117|0.04
3|508|0.03
2|287|0.03
1|623|0.02
2|531|0.04
3|52|0.03
2|127|0.03
1|509|0.02
3|496|0.03
2|436|0.03
1|703|0.04
1|582|0.02
3|929|0.01
1|142|0.01
2|282|0.04
2|894|0.03
1|562|0.04
2|939|0.01
3|429|0.04
1|254|0.01
3|755|0.04
2|404|0.02
2|386|0.04
2|379|0.02
3|104|0.06
2|836|0.04
2|3|0.03
2|805|0.03
3|800|0.05
2|880|0.05
3|755|0.06
2|961|0.02
2|556|0.01
2|564|0.04
3|946|0.05
1|745|0.06
3|278|0.03
1|92|0.05
2|905|0.03
1|495|0.05
1|658|0.03
2|127|0.02
1|354|0.03
2|991|0.05
1|198|0.05
3|199|0.04
3|843|0.01
3|508|0.02
2|5|0.05
1|591|0.05
2|444|0.04
1|778|0.06
3|423|0.06
3|587|0.03
1|77|0.02
1|14|0.03
1|861|0.02
2|792|0.04
1|341|0.02
3|990|0.04
3|846|0.03
2|852|0.05
1|882|0.01
3|330|0.02
1|903|0.03
3|273|0.05
1|696|0.02
1|7|0.05
3|758|0.04
3|500|0.01
1|485|0.01
2|569|0.04
3|96|0.05
1|274|0.03
3|158|0.04
1|166|0.02
3|75|0.01
3|54|0.02
3|256|0.02
3|128|0.03
1|453|0.05
3|576|0.04
2|881|0.03
1|572|0.03
2|149|0.02
2|597|0.05
2|301|0.04
3|931|0.03
3|211|0.01
2|130|0.05
2|746|0.02
3|44|0.04
2|796|0.03
3|596|0.06
1|81|0.05
2|387|0.06
3|278|0.05
3|936|0.01
1|341|0.04
1|432|0.03
1|34|0.03
1|562|0.06
3|646|0.04
1|651|0.06
1|465|0.03
1|538|0.02
3|378|0.05
3|496|0.05
2|609|0.03
1|705|0.06
1|56|0.04
1|192|0.01
3|846|0.04
1|426|0.05
1|512|0.06
1|2|0.01
3|673|0.03
2|740|0.03
1|827|0.02
2|443|0.05
3|763|0.05
3|595|0.03
3|954|0.04
3|165|0.03
2|0|0.04
2|402|0.04
1|163|0.02
2|373|0.04
3|447|0.04
3|319|0.05
2|738|0.04
2|712|0.04
2|385|0.05
1|489|0.04
2|195|0.01
1|855|0.05
3|90|0.03
2|424|0.03
3|602|0.03
3|71|0.03
1|619|0.03
2|408|0.05
3|546|0.03
1|143|0.02
1|10|0.06
1|703|0.03
2|871|0.05
3|938|0.04
2|312|0.04
3|382|0.03
3|779|0.05
2|471|0.02
2|127|0.02
3|182|0.04
1|247|0.02
3|739|0.04
2|62|0.05
1|14|0.04
2|567|0.03
1|808|0.06
3|246|0.06
3|241|0.05
3|938|0.01
3|878|0.02
3|891|0.05
1|705|0.01
2|448|0.01
1|173|0.05
2|484|0.01
1|534|0.02
1|462|0.04
1|310|0.03
3|508|0.05
2|899|0.06
2|541|0.01
1|142|0.01
1|727|0.01
2|332|0.03
2|408|0.04
1|890|0.06
2|170|0.05
1|56|0.04
1|355|0.06
3|749|0.05
3|901|0.06
3|757|0.01
2|648|0.02
1|498|0.02
1|116|0.02
2|73|0.05
1|65|0.03
2|881|0.02
3|469|0.06
2|784|0.04
2|810|0.04
3|636|0.04
2|504|0.04
2|963|0.03
1|4|0.03
1|265|0.05
2|416|0.02
2|943|0.05
3|555|0.04
1|84|0.03
1|483|0.02
2|431|0.02
1|489|0.03
2|620|0.01
3|423|0.04
3|920|0.03
3|414|0.03
2|50|0.02
1|588|0.03
1|43|0.06
2|967|0.04
1|186|0.03
3|539|0.05
1|198|0.05
3|52|0.03
3|372|0.04
3|693|0.03
2|315|0.03
1|254|0.03
2|564|0.03
2|828|0.04
3|97|0.01
3|732|0.03
3|545|0.02
3|798|0.05
1|487|0.03
1|980|0.04
2|435|0.02
1|974|0.03
3|704|0.02
2|741|0.02
3|318|0.03
1|31|0.03
3|256|0.06
1|497|0.02
1|861|0.01
1|781|0.02
2|300|0.03
2|706|0.05
2|393|0.03
3|816|0.03
2|569|0.03
2|37|0.02
3|376|0.04
3|798|0.02
2|831|0.01
3|516|0.02
3|89|0.02
3|870|0.06
2|384|0.05
2|880|0.02
2|195|0.05
3|303|0.06
2|571|0.06
1|627|0.01
2|178|0.01
2|313|0.04
2|648|0.03
3|755|0.03
3|20|0.03
2|741|0.04
2|713|0.03
2|309|0.03
3|970|0.02
1|427|0.06
3|857|0.05
2|818|0.06
2|287|0.01
2|850|0.04
3|20|0.03
3|145|0.03
1|249|0.05
2|751|0.02
2|542|0.06
1|770|0.05
1|700|0.02
2|260|0.04
2|569|0.03
1|46|0.05
3|398|0.01
1|679|0.06
3|754|0.05
3|222|0.05
1|591|0.02
2|648|0.01
2|557|0.03
1|238|0.05
2|260|0.01
3|936|0.04
3|825|0.06
3|674|0.02
3|281|0.03
3|514|0.04
2|641|0.04
3|112|0.05
2|275|0.04
1|106|0.05
2|411|0.02
3|771|0.03
3|768|0.01
1|808|0.02
3|167|0.01
2|282|0.03
3|134|0.03
1|937|0.01
1|65|0.05
2|740|0.06
3|851|0.02
3|297|0.02
1|702|0.06
1|883|0.03
2|444|0.03
3|824|0.01
1|865|0.05
1|728|0.05
2|385|0.03
2|525|0.05
1|832|0.03
2|756|0.03
3|857|0.03
2|164|0.01
1|688|0.05
2|609|0.01
2|802|0.03
1|664|0.05
2|782|0.06
1|176|0.04
1|401|0.05
1|523|0.03
3|500|0.02
1|302|0.05
1|14|0.05
2|443|0.04
1|302|0.03
2|968|0.04
1|166|0.05
3|655|0.01
1|475|0.06
1|114|0.05
1|17|0.03
2|885|0.03
2|499|0.02
1|22|0.04
1|837|0.05
3|351|0.01
1|358|0.04
1|860|0.03
3|560|0.04
1|523|0.03
1|10|0.02
1|437|0.02
2|348|0.03
1|250|0.04
1|358|0.03
3|296|0.06
1|999|0.03
2|91|0.05
3|18|0.03
2|976|0.05
2|213|0.02
2|896|0.04
1|886|0.03
3|762|0.03
2|408|0.02
3|167|0.03
2|23|0.03
1|872|0.01
3|380|0.03
2|805|0.05
1|163|0.06
3|665|0.02
3|55|0.02
3|800|0.05
3|362|0.03
1|808|0.02
3|970|0.02
1|461|0.02
2|525|0.02
1|192|0.05
2|449|0.05
2|331|0.03
3|535|0.05
2|874|0.03
1|168|0.02
2|661|0.04
2|443|0.02
2|533|0.04
2|856|0.06
3|325|0.04
1|974|0.05
3|439|0.05
3|918|0.06
3|643|0.03
3|902|0.02
2|408|0.03
1|166|0.04
2|606|0.06
2|526|0.01
1|477|0.04
1|767|0.04
3|351|0.04
3|686|0.05
3|11|0.05
2|170|0.02
2|567|0.04
1|855|0.05
2|725|0.04
1|507|0.05
3|978|0.05
2|528|0.02
3|455|0.05
2|368|0.03
2|326|0.05
2|976|0.05
1|889|0.02
1|691|0.05
1|701|0.01
3|643|0.06
2|904|0.02
3|124|0.01
1|858|0.03
1|511|0.02
3|983|0.01
2|328|0.04
3|798|0.05
1|327|0.02
3|349|0.02
1|224|0.02
2|255|0.01
3|552|0.05
1|235|0.01
3|125|0.03
2|641|0.03
1|980|0.04
3|207|0.01
1|945|0.06
1|654|0.02
3|191|0.03
1|728|0.05
1|294|0.05
1|2|0.02
2|60|0.05
3|535|0.02
1|956|0.03
2|363|0.04
2|148|0.05
3|191|0.03
2|828|0.01
3|585|0.03
1|224|0.05
2|91|0.02
1|992|0.06
1|163|0.06
3|316|0.03
3|576|0.05
2|550|0.03
1|186|0.04
2|634|0.02
1|915|0.06
1|186|0.06
2|874|0.02
2|3|0.04
1|696|0.03
2|387|0.03
3|377|0.01
1|237|0.05
3|289|0.04
2|734|0.04
1|783|0.03
2|826|0.04
2|85|0.04
1|930|0.04
2|312|0.02
2|300|0.03
3|322|0.03
2|571|0.02
1|390|0.02
3|413|0.05
1|254|0.03
1|598|0.02
1|543|0.04
3|964|0.02
2|773|0.01
1|274|0.03
3|337|0.05
1|77|0.04
3|8|0.06
2|205|0.01
1|538|0.04
2|373|0.01
3|391|0.05
3|392|0.02
3|535|0.05
3|655|0.03
1|57|0.01
2|741|0.01
1|233|0.02
2|476|0.02
2|528|0.05
1|220|0.02
2|62|0.04
3|686|0.05
2|988|0.05
2|935|0.04
1|92|0.03
1|910|0.02
1|513|0.02
2|656|0.04
3|947|0.03
1|356|0.03
2|141|0.02
3|298|0.05
3|629|0.04
1|743|0.03
2|335|0.06
1|176|0.05
2|612|0.04
2|607|0.06
2|807|0.05
2|3|0.04
1|895|0.01
3|201|0.03
1|626|0.03
1|450|0.05
2|773|0.01
3|560|0.03
3|182|0.01
3|754|0.04
3|209|0.06
2|887|0.03
2|244|0.02
2|738|0.02
2|549|0.01
2|875|0.02
1|858|0.03
1|457|0.02
3|377|0.04
3|104|0.03
3|87|0.02
2|404|0.05
1|563|0.04
3|39|0.05
2|836|0.02
1|688|0.03
1|889|0.02
2|328|0.04
1|689|0.06
3|277|0.05
3|602|0.05
3|79|0.04
3|870|0.06
3|480|0.03
1|58|0.05
3|377|0.03
1|677|0.05
3|366|0.01
2|66|0.01
3|758|0.05
2|404|0.04
1|716|0.01
1|237|0.03
3|24|0.02
2|431|0.05
3|933|0.06
3|8|0.05
1|785|0.06
2|424|0.03
3|629|0.04
3|125|0.02
1|17|0.02
1|364|0.02
3|949|0.03
1|578|0.02
1|819|0.01
2|93|0.03
1|152|0.02
3|429|0.06
3|447|0.03
3|913|0.03
1|56|0.01
3|811|0.01
2|899|0.05
2|178|0.03
3|102|0.06
3|724|0.04
3|52|0.06
2|589|0.05
3|555|0.04
2|799|0.01
3|825|0.06
3|345|0.04
3|199|0.05
1|10|0.03
1|780|0.02
3|555|0.01
2|740|0.02
2|826|0.02
2|107|0.04
2|850|0.04
2|270|0.06
2|589|0.02
2|828|0.02
2|446|0.03
2|894|0.03
2|529|0.03
3|757|0.01
2|213|0.02
1|884|0.02
3|303|0.02
1|133|0.04
3|28|0.05
1|865|0.05
3|737|0.02
1|352|0.01
1|925|0.04
2|528|0.05
1|10|0.02
3|673|0.03
3|161|0.06
2|887|0.01
3|552|0.03
1|512|0.03
2|180|0.05
2|430|0.01
2|976|0.01
1|897|0.03
1|618|0.03
2|968|0.04
3|138|0.05
1|909|0.03
3|752|0.01
2|682|0.01
1|714|0.04
2|520|0.03
3|777|0.02
1|7|0.02
2|957|0.02
3|47|0.04
3|779|0.02
2|751|0.06
1|224|0.03
2|386|0.06
1|77|0.03
1|227|0.03
3|35|0.04
2|815|0.05
2|548|0.02
2|359|0.01
3|210|0.02
3|755|0.03
2|311|0.03
3|777|0.04
1|619|0.02
2|600|0.01
1|352|0.04
2|988|0.02
2|287|0.02
2|178|0.04
3|96|0.04
3|758|0.04
2|185|0.01
3|793|0.04
2|379|0.05
2|194|0.05
3|628|0.04
1|2|0.06
3|221|0.05
1|389|0.05
2|70|0.05
1|133|0.04
1|176|0.02
1|689|0.03
2|607|0.03
1|649|0.04
1|445|0.05
3|52|0.02
3|377|0.05
2|471|0.02
1|637|0.05
2|295|0.06
2|396|0.02
1|930|0.03
3|545|0.01
3|406|0.05
2|446|0.05
2|971|0.05
2|725|0.04
2|66|0.04
3|161|0.02
3|225|0.03
2|484|0.03
2|971|0.03
1|900|0.02
1|956|0.02
1|654|0.02
2|205|0.05
3|983|0.04
2|625|0.05
3|210|0.03
3|680|0.01
1|873|0.01
2|859|0.02
2|899|0.03
3|392|0.01
2|939|0.05
2|557|0.04
1|485|0.04
2|791|0.03
2|344|0.05
2|887|0.05
1|14|0.02
3|456|0.06
3|25|0.02
2|893|0.03
2|464|0.03
1|143|0.03
1|370|0.04
1|945|0.04
1|637|0.04
2|887|0.05
2|981|0.02
1|770|0.01
2|634|0.05
3|214|0.04
2|963|0.05
1|966|0.06
3|732|0.03
1|371|0.02
3|681|0.02
1|390|0.01
2|438|0.03
2|295|0.04
3|188|0.05
1|658|0.03
1|767|0.02
3|665|0.01
1|677|0.05
2|747|0.05
2|226|0.04
2|989|0.02
2|529|0.04
3|660|0.04
1|459|0.04
3|75|0.02
1|186|0.05
2|1|0.05
3|584|0.04
1|227|0.03
3|111|0.02
2|171|0.05
3|739|0.02
3|455|0.02
2|939|0.04
3|646|0.03
2|16|0.03
2|202|0.04
1|820|0.04
1|627|0.05
2|831|0.03
3|843|0.02
3|167|0.05
3|25|0.01
2|939|0.02
3|539|0.03
2|130|0.01
3|382|0.01
2|169|0.02
1|872|0.03
2|204|0.04
1|41|0.01
3|210|0.02
3|95|0.02
2|699|0.06
3|252|0.02
2|438|0.02
1|883|0.03
2|395|0.04
2|3|0.04
3|723|0.06
3|730|0.03
1|770|0.03
3|633|0.02
3|757|0.04
2|436|0.02
2|160|0.04
2|589|0.02
3|920|0.06
3|211|0.05
2|150|0.03
3|732|0.03
3|18|0.02
3|182|0.03
2|836|0.03
1|769|0.03
2|521|0.05
2|228|0.06
2|444|0.05
3|318|0.03
1|353|0.04
1|475|0.02
1|883|0.01
3|983|0.03
3|758|0.01
3|681|0.04
2|151|0.04
2|312|0.03
1|794|0.03
1|494|0.03
1|163|0.05
3|156|0.04
1|81|0.03
2|359|0.05
1|350|0.04
3|39|0.04
3|90|0.04
3|285|0.05
3|323|0.02
3|124|0.05
2|859|0.06
1|668|0.04
2|541|0.02
1|142|0.04
2|574|0.02
2|385|0.02
1|459|0.02
3|140|0.02
2|408|0.04
1|136|0.02
1|81|0.04
2|898|0.03
1|848|0.03
2|324|0.04
3|191|0.02
3|789|0.04
1|956|0.05
2|49|0.05
3|948|0.04
3|491|0.06
3|752|0.03
2|792|0.03
2|896|0.04
1|310|0.03
1|58|0.06
2|118|0.03
2|251|0.01
1|903|0.02
3|97|0.02
2|387|0.04
1|654|0.03
3|325|0.04
1|61|0.05
2|444|0.06
3|199|0.02
3|605|0.04
2|409|0.01
1|804|0.05
2|248|0.02
2|894|0.03
1|580|0.06
1|705|0.03
1|427|0.05
1|347|0.05
1|31|0.03
2|561|0.04
2|190|0.02
2|275|0.05
1|705|0.04
3|585|0.01
1|452|0.05
3|403|0.02
3|921|0.02
3|25|0.03
3|39|0.06
2|520|0.01
1|575|0.05
3|711|0.03
1|477|0.05
2|625|0.05
3|798|0.02
2|822|0.06
2|444|0.02
3|245|0.04
1|43|0.02
2|906|0.03
3|126|0.04
1|268|0.03
2|887|0.02
1|727|0.03
3|78|0.04
3|216|0.04
3|252|0.05
2|184|0.01
1|900|0.02
3|222|0.02
3|473|0.04
2|436|0.05
2|336|0.01
1|958|0.04
2|263|0.05
2|436|0.06
3|257|0.05
1|292|0.03
1|117|0.06
3|392|0.02
2|311|0.06
1|352|0.03
3|138|0.03
3|522|0.04
1|819|0.03
3|761|0.02
2|961|0.02
3|425|0.04
2|171|0.02
1|92|0.03
1|543|0.03
1|61|0.03
2|38|0.03
1|327|0.06
1|677|0.05
3|733|0.06
1|581|0.04
3|984|0.04
3|537|0.02
3|68|0.04
3|824|0.03
3|918|0.02
3|316|0.03
3|90|0.02
1|41|0.01
3|429|0.05
2|91|0.01
2|386|0.06
1|783|0.04
2|589|0.03
1|72|0.03
1|716|0.04
3|273|0.03
3|602|0.02
1|48|0.02
1|506|0.05
3|158|0.06
2|115|0.05
2|248|0.02
1|415|0.05
3|587|0.04
1|153|0.05
2|183|0.01
3|514|0.02
3|377|0.06
2|295|0.03
1|666|0.04
3|259|0.04
2|640|0.02
2|175|0.02
1|716|0.02
1|48|0.03
1|575|0.04
3|709|0.02
2|712|0.03
1|925|0.05
2|887|0.04
2|80|0.03
2|751|0.03
1|116|0.02
3|90|0.02
2|490|0.05
1|498|0.06
2|982|0.04
2|818|0.03
1|581|0.03
1|908|0.01
1|192|0.04
1|352|0.02
2|324|0.05
2|746|0.02
3|210|0.05
1|460|0.02
2|838|0.04
3|211|0.01
3|64|0.05
2|60|0.01
1|770|0.05
1|536|0.05
3|455|0.02
2|586|0.01
2|50|0.03
1|804|0.02
3|323|0.03
1|462|0.02
2|260|0.05
1|192|0.06
3|558|0.02
3|89|0.02
1|717|0.05
3|410|0.02
1|494|0.03
2|549|0.02
3|259|0.03
2|648|0.01
3|261|0.02
2|971|0.02
2|697|0.03
1|46|0.03
1|364|0.02
3|182|0.04
1|806|0.05
1|999|0.01
2|566|0.01
2|313|0.02
2|93|0.02
2|750|0.03
3|599|0.02
2|411|0.05
3|985|0.04
2|531|0.05
3|739|0.04
2|184|0.05
1|33|0.03
2|821|0.02
1|858|0.02
1|477|0.02
2|620|0.04
1|174|0.04
1|688|0.05
2|321|0.04
1|511|0.03
3|132|0.04
1|139|0.04
1|770|0.05
1|804|0.02
1|944|0.04
2|288|0.02
3|491|0.04
1|696|0.05
3|167|0.04
3|539|0.01
3|969|0.04
1|855|0.01
3|199|0.05
2|675|0.01
2|840|0.04
1|421|0.06
3|18|0.03
3|316|0.03
2|828|0.06
1|910|0.02
3|759|0.02
1|689|0.04
1|591|0.02
1|598|0.05
3|754|0.06
3|132|0.03
3|472|0.05
1|867|0.02
3|351|0.01
2|713|0.06
3|599|0.05
1|808|0.03
2|914|0.05
2|532|0.02
3|156|0.05
1|250|0.04
2|393|0.04
2|906|0.04
1|77|0.02
3|954|0.02
3|801|0.04
3|558|0.06
2|977|0.03
3|345|0.05
2|127|0.01
2|549|0.06
2|979|0.03
1|405|0.06
2|386|0.04
1|538|0.06
2|287|0.05
1|855|0.04
1|703|0.03
3|322|0.02
2|856|0.01
2|982|0.02
2|641|0.05
1|837|0.06
3|284|0.02
1|572|0.02
1|442|0.01
1|717|0.05
2|430|0.06
2|527|0.02
1|626|0.05
1|452|0.05
3|451|0.03
3|55|0.03
1|10|0.05
1|944|0.03
1|92|0.05
2|385|0.01
3|646|0.03
2|612|0.05
3|473|0.06
2|982|0.06
3|693|0.04
3|102|0.02
3|585|0.06
2|448|0.02
3|673|0.03
3|811|0.04
3|210|0.03
3|207|0.06
1|582|0.03
1|370|0.01
1|507|0.03
1|613|0.03
2|529|0.01
1|268|0.04
1|479|0.03
3|851|0.03
2|814|0.05
2|976|0.01
2|939|0.04
2|0|0.05
3|420|0.04
3|167|0.02
1|623|0.05
1|475|0.03
2|108|0.05
3|473|0.02
1|174|0.03
1|666|0.03
1|358|0.05
2|828|0.02
1|714|0.04
2|935|0.02
3|54|0.01
2|177|0.04
2|244|0.05
3|273|0.04
1|88|0.04
3|158|0.05
2|817|0.05
2|567|0.04
1|341|0.06
2|899|0.02
2|973|0.03
1|274|0.01
2|369|0.02
2|530|0.04
3|732|0.03
2|23|0.02
2|85|0.02
2|263|0.04
2|486|0.03
1|992|0.02
2|880|0.06
1|692|0.06
1|944|0.03
3|558|0.04
1|497|0.03
3|323|0.06
3|323|0.05
1|844|0.01
2|272|0.06
1|247|0.05
2|528|0.02
2|856|0.02
2|815|0.06
2|332|0.03
2|164|0.02
3|798|0.03
3|243|0.04
3|256|0.04
2|874|0.03
3|447|0.05
1|81|0.06
3|869|0.05
3|508|0.04
2|180|0.03
1|701|0.02
1|353|0.02
2|547|0.03
3|655|0.04
3|970|0.05
1|302|0.04
3|978|0.03
3|230|0.03
3|503|0.03
3|246|0.03
2|852|0.05
2|594|0.01
3|517|0.04
3|686|0.02
2|130|0.02
3|138|0.02
2|100|0.05
2|85|0.01
2|184|0.03
2|342|0.05
3|761|0.02
3|733|0.03
3|340|0.04
3|816|0.03
3|997|0.04
1|910|0.03
2|905|0.03
1|679|0.02
3|434|0.05
2|312|0.05
1|864|0.02
3|947|0.05
2|21|0.01
2|967|0.02
3|159|0.01
3|737|0.03
2|16|0.03
1|926|0.05
3|231|0.02
2|971|0.05
2|62|0.05
3|388|0.05
1|31|0.06
2|205|0.03
1|619|0.05
2|359|0.03
2|499|0.04
1|797|0.04
3|936|0.05
3|955|0.02
3|555|0.04
3|568|0.03
1|975|0.05
3|554|0.04
3|936|0.06
2|324|0.05
1|806|0.05
3|793|0.05
3|763|0.04
2|847|0.01
1|658|0.04
2|525|0.06
3|423|0.01
3|79|0.02
3|539|0.01
3|182|0.01
1|84|0.06
2|478|0.04
1|505|0.01
1|582|0.04
2|328|0.05
1|664|0.03
1|249|0.05
2|50|0.04
3|414|0.04
1|86|0.02
2|0|0.02
1|502|0.03
2|606|0.04
3|672|0.01
1|863|0.04
1|518|0.02
1|264|0.06
3|381|0.06
1|43|0.01
1|960|0.01
1|995|0.03
2|342|0.01
3|318|0.05
1|153|0.05
3|39|0.02
2|69|0.03
2|189|0.02
2|393|0.01
2|927|0.05
2|16|0.02
1|781|0.04
1|511|0.03
3|949|0.04
3|191|0.03
1|4|0.03
1|136|0.03
2|561|0.02
3|214|0.04
2|792|0.04
1|116|0.02
1|234|0.04
1|334|0.04
2|85|0.03
3|929|0.05
2|49|0.04
3|948|0.05
1|237|0.02
3|211|0.05
1|863|0.03
3|322|0.02
2|484|0.04
2|360|0.01
1|59|0.05
3|55|0.03
1|437|0.05
2|641|0.04
2|729|0.04
3|343|0.02
3|870|0.04
3|596|0.06
1|92|0.05
1|980|0.04
3|456|0.04
2|574|0.04
3|201|0.01
3|429|0.05
1|858|0.03
1|551|0.02
2|30|0.04
2|653|0.04
2|871|0.03
1|664|0.03
3|878|0.02
1|129|0.02
3|726|0.03
2|967|0.05
3|378|0.03
1|173|0.05
2|621|0.02
1|598|0.02
1|667|0.02
1|421|0.03
3|614|0.04
1|668|0.05
2|879|0.05
2|885|0.06
2|564|0.04
3|665|0.02
3|947|0.02
1|352|0.03
2|204|0.06
2|326|0.02
3|12|0.04
1|974|0.04
1|930|0.01
2|557|0.02
2|914|0.05
1|477|0.03
1|7|0.03
1|940|0.05
2|175|0.03
3|761|0.04
1|10|0.02
3|197|0.02
1|427|0.05
3|786|0.02
3|605|0.04
3|343|0.01
2|849|0.03
3|400|0.05
2|818|0.05
3|296|0.05
2|951|0.05
1|453|0.03
1|917|0.02
1|995|0.01
2|387|0.05
2|242|0.03
2|606|0.03
2|898|0.03
3|346|0.03
2|164|0.05
3|663|0.04
1|399|0.04
1|966|0.03
3|29|0.06
3|161|0.03
3|749|0.03
3|289|0.02
1|268|0.03
3|47|0.02
2|561|0.04
2|817|0.04
1|240|0.02
1|727|0.03
3|376|0.05
3|757|0.01
1|356|0.04
1|477|0.04
3|596|0.04
3|349|0.05
3|82|0.03
3|949|0.03
2|402|0.04
2|914|0.04
2|622|0.02
1|860|0.05
3|209|0.05
3|191|0.02
1|580|0.04
3|209|0.04
3|524|0.01
2|773|0.01
1|120|0.02
3|11|0.03
3|98|0.02
3|857|0.01
1|764|0.01
3|425|0.03
3|800|0.04
1|310|0.01
3|737|0.02
2|1|0.05
2|342|0.05
1|168|0.04
3|82|0.05
1|292|0.06
3|25|0.03
1|917|0.02
1|487|0.02
2|526|0.03
1|703|0.01
3|377|0.03
1|505|0.04
1|705|0.04
3|200|0.03
3|577|0.03
3|948|0.04
1|493|0.02
1|598|0.02
1|88|0.05
1|664|0.01
2|66|0.05
3|40|0.04
1|922|0.04
3|953|0.03
3|955|0.06
1|123|0.02
1|163|0.04
1|664|0.02
2|481|0.01
2|26|0.04
3|320|0.05
1|507|0.04
3|283|0.02
1|924|0.01
1|994|0.02
2|526|0.05
2|251|0.05
2|80|0.04
2|332|0.06
2|725|0.05
2|640|0.06
1|269|0.04
3|824|0.04
3|655|0.03
1|909|0.02
1|630|0.03
3|766|0.04
1|142|0.03
3|758|0.04
3|231|0.03
1|176|0.02
2|645|0.04
2|943|0.05
2|914|0.02
3|82|0.06
2|927|0.05
3|857|0.04
1|753|0.02
2|435|0.02
3|768|0.02
2|205|0.06
2|190|0.02
2|329|0.02
2|988|0.02
1|812|0.05
3|674|0.03
2|385|0.02
1|591|0.03
2|484|0.03
2|416|0.03
1|908|0.05
1|644|0.04
2|914|0.01
3|522|0.04
2|169|0.05
1|837|0.04
3|978|0.03
1|790|0.02
3|811|0.04
1|940|0.02
1|598|0.05
1|781|0.03
2|550|0.01
2|30|0.05
1|86|0.02
1|280|0.02
3|959|0.02
3|398|0.04
3|337|0.03
2|374|0.02
2|329|0.01
1|764|0.06
1|958|0.02
2|236|0.03
2|799|0.06
2|288|0.06
1|479|0.01
1|570|0.04
2|228|0.01
1|945|0.03
3|25|0.02
3|45|0.03
3|19|0.05
2|589|0.06
3|29|0.04
3|752|0.03
3|89|0.01
1|356|0.04
1|415|0.05
3|962|0.02
3|473|0.06
3|155|0.02
2|396|0.03
3|601|0.03
2|66|0.03
1|727|0.02
3|919|0.06
1|390|0.05
2|746|0.04
2|914|0.04
2|202|0.02
3|124|0.04
2|729|0.03
3|921|0.04
2|219|0.04
3|672|0.02
2|66|0.02
3|710|0.05
2|468|0.02
1|540|0.03
1|117|0.06
3|709|0.05
3|760|0.05
2|805|0.01
3|693|0.01
3|472|0.02
1|832|0.06
2|329|0.04
3|983|0.05
3|391|0.06
2|50|0.05
2|272|0.02
2|782|0.04
2|404|0.05
1|271|0.06
1|426|0.04
1|689|0.03
2|333|0.02
3|473|0.03
3|762|0.03
2|275|0.05
2|438|0.03
1|250|0.03
3|786|0.05
3|718|0.03
2|189|0.02
1|235|0.06
3|948|0.03
3|71|0.02
1|603|0.03
1|966|0.03
3|229|0.03
1|173|0.01
3|167|0.04
3|45|0.01
3|417|0.02
3|391|0.02
1|772|0.04
3|492|0.05
2|295|0.01
2|776|0.06
1|4|0.01
3|35|0.05
2|787|0.05
3|869|0.06
1|136|0.05
2|99|0.02
1|253|0.06
3|113|0.03
3|418|0.05
2|0|0.03
2|734|0.02
2|796|0.06
1|744|0.04
1|613|0.03
1|501|0.05
1|720|0.03
3|947|0.03
2|99|0.05
1|317|0.05
3|788|0.03
1|375|0.02
1|105|0.02
2|620|0.05
2|773|0.03
3|517|0.05
1|551|0.04
3|439|0.02
3|733|0.05
2|807|0.05
3|853|0.03
1|34|0.03
3|950|0.01
2|288|0.01
2|160|0.01
3|672|0.05
3|733|0.05
3|870|0.06
2|879|0.06
3|853|0.02
2|172|0.02
1|858|0.03
2|236|0.03
1|142|0.05
3|891|0.03
1|872|0.04
3|916|0.04
3|552|0.01
3|643|0.05
2|219|0.03
1|494|0.02
2|896|0.01
1|860|0.06
3|441|0.06
3|281|0.05
1|299|0.02
2|659|0.05
3|137|0.05
3|669|0.06
1|886|0.02
3|853|0.03
1|237|0.04
2|792|0.02
2|470|0.05
3|482|0.02
3|349|0.03
3|256|0.06
2|887|0.03
1|56|0.02
1|780|0.02
1|389|0.03
1|772|0.02
3|297|0.06
3|167|0.01
1|92|0.02
3|382|0.05
1|505|0.04
1|649|0.02
1|274|0.01
1|505|0.05
3|140|0.04
1|666|0.05
3|256|0.01
1|867|0.05
3|800|0.03
3|330|0.05
2|556|0.04
3|161|0.03
3|165|0.03
2|542|0.05
1|820|0.05
1|892|0.03
2|661|0.02
3|723|0.01
1|501|0.05
1|897|0.01
3|758|0.02
3|439|0.02
3|862|0.03
2|527|0.02
3|687|0.04
3|629|0.04
3|754|0.02
2|478|0.02
3|853|0.05
1|637|0.03
1|993|0.05
3|660|0.05
1|582|0.04
1|59|0.04
3|20|0.05
2|110|0.03
2|746|0.06
1|812|0.06
3|985|0.01
2|219|0.01
2|817|0.03
1|358|0.03
2|625|0.01
2|175|0.02
3|330|0.03
2|172|0.02
3|182|0.01
3|231|0.01
1|63|0.05
3|71|0.02
1|945|0.01
2|879|0.05
1|371|0.06
3|261|0.02
2|802|0.04
2|809|0.05
2|561|0.05
1|479|0.03
2|270|0.06
3|113|0.06
1|234|0.05
3|920|0.02
3|919|0.04
3|135|0.05
1|563|0.06
3|101|0.05
3|757|0.03
3|983|0.04
2|756|0.02
2|454|0.03
3|554|0.02
2|30|0.02
3|983|0.02
2|615|0.03
2|190|0.04
3|843|0.06
1|623|0.01
3|285|0.05
3|938|0.03
1|511|0.03
1|884|0.06
1|518|0.02
2|979|0.03
2|369|0.03
2|326|0.05
3|737|0.05
2|963|0.03
2|621|0.03
3|616|0.03
2|982|0.03
1|619|0.01
2|435|0.03
1|630|0.02
1|716|0.05
3|284|0.05
1|92|0.01
1|502|0.01
3|579|0.03
2|311|0.05
3|755|0.05
1|253|0.02
1|632|0.05
3|304|0.04
2|600|0.05
3|19|0.03
1|59|0.03
2|275|0.03
2|30|0.05
1|426|0.01
3|633|0.05
2|813|0.03
1|461|0.01
1|76|0.03
3|554|0.02
1|917|0.02
3|665|0.04
3|503|0.01
3|948|0.01
3|322|0.04
2|348|0.04
2|170|0.02
3|90|0.02
2|604|0.02
2|593|0.04
2|100|0.05
1|966|0.03
2|213|0.02
1|780|0.04
3|225|0.03
1|302|0.03
3|983|0.02
3|763|0.04
2|275|0.01
2|306|0.01
2|196|0.04
1|310|0.03
3|167|0.06
2|60|0.05
3|941|0.01
2|360|0.02
1|2|0.05
1|302|0.01
1|77|0.02
2|653|0.05
3|801|0.05
1|280|0.05
3|508|0.04
3|388|0.03
2|369|0.05
2|270|0.04
3|199|0.05
1|487|0.03
1|513|0.05
2|446|0.04
3|718|0.04
2|988|0.01
1|654|0.04
3|113|0.03
2|729|0.05
3|158|0.02
3|853|0.04
3|216|0.03
2|822|0.04
1|975|0.04
3|954|0.03
3|140|0.01
2|656|0.02
3|343|0.04
1|910|0.02
1|934|0.05
1|67|0.06
1|534|0.01
3|273|0.03
2|532|0.04
3|866|0.05
1|861|0.03
3|514|0.05
3|990|0.06
1|575|0.01
3|491|0.02
2|21|0.01
2|436|0.04
3|605|0.04
1|479|0.02
3|262|0.03
3|98|0.05
1|142|0.04
1|477|0.02
2|571|0.02
1|603|0.05
2|871|0.01
1|280|0.04
1|105|0.01
1|666|0.05
1|460|0.01
3|323|0.02
1|489|0.04
1|461|0.05
2|729|0.05
2|604|0.02
2|609|0.01
2|914|0.02
2|5|0.04
2|967|0.02
2|436|0.05
1|886|0.06
3|97|0.04
3|959|0.06
3|665|0.04
3|959|0.06
3|377|0.04
1|627|0.01
2|722|0.03
2|336|0.02
2|557|0.01
2|542|0.05
3|413|0.02
2|802|0.04
2|988|0.02
1|772|0.02
3|732|0.04
2|528|0.05
2|773|0.04
1|352|0.05
1|883|0.01
3|36|0.01
1|10|0.02
3|75|0.06
3|870|0.03
1|302|0.04
3|921|0.05
3|418|0.02
2|402|0.03
3|984|0.06
1|908|0.03
3|351|0.03
3|636|0.04
3|636|0.05
1|650|0.05
1|389|0.04
1|572|0.06
3|230|0.03
1|383|0.02
2|831|0.05
1|17|0.06
2|288|0.02
1|72|0.05
2|751|0.05
2|476|0.02
2|228|0.05
2|852|0.02
1|142|0.04
1|72|0.02
3|382|0.04
3|754|0.05
1|702|0.05
2|127|0.03
3|337|0.02
2|363|0.02
2|982|0.05
2|486|0.05
3|159|0.04
1|769|0.04
3|592|0.03
2|656|0.04
3|284|0.05
3|112|0.01
2|965|0.04
2|272|0.03
2|722|0.06
3|599|0.02
3|949|0.05
1|502|0.04
1|764|0.02
2|838|0.03
1|142|0.03
2|504|0.05
2|180|0.03
1|370|0.04
2|740|0.06
2|127|0.02
1|523|0.04
3|433|0.05
3|918|0.03
1|790|0.03
2|880|0.03
1|14|0.04
3|241|0.04
1|146|0.03
2|100|0.05
3|998|0.02
1|861|0.04
1|744|0.03
3|51|0.04
2|881|0.03
3|394|0.04
2|251|0.02
3|665|0.05
2|149|0.04
3|834|0.04
3|418|0.03
3|669|0.02
2|612|0.06
3|197|0.02
2|533|0.02
3|602|0.04
3|257|0.02
3|124|0.02
2|875|0.04
2|638|0.02
2|311|0.02
3|113|0.02
1|897|0.02
3|391|0.04
3|222|0.04
3|340|0.04
3|155|0.02
2|443|0.02
2|130|0.06
2|989|0.01
1|565|0.05
3|216|0.01
2|171|0.05
3|929|0.04
1|166|0.03
1|507|0.05
2|83|0.02
2|16|0.05
1|497|0.04
2|529|0.04
2|697|0.02
2|175|0.04
2|721|0.02
2|893|0.05
3|546|0.06
2|184|0.01
3|191|0.02
2|968|0.03
1|767|0.01
1|509|0.02
3|997|0.04
1|900|0.04
2|313|0.04
3|422|0.04
2|740|0.04
1|59|0.06
1|461|0.05
3|579|0.04
2|746|0.05
1|735|0.06
3|417|0.04
3|400|0.01
2|476|0.02
2|982|0.03
2|306|0.03
3|349|0.06
2|606|0.02
3|685|0.02
2|504|0.06
1|139|0.03
3|984|0.06
1|264|0.02
2|968|0.01
1|772|0.02
3|191|0.04
3|138|0.02
2|164|0.04
1|121|0.02
1|401|0.01
2|183|0.03
1|598|0.01
2|60|0.02
3|138|0.05
2|258|0.03
2|566|0.03
1|227|0.04
1|720|0.03
2|847|0.02
2|645|0.03
3|125|0.04
2|638|0.05
3|652|0.06
1|290|0.02
2|609|0.03
1|980|0.04
1|900|0.04
3|199|0.04
2|189|0.05
3|19|0.04
2|275|0.02
1|670|0.03
2|226|0.03
3|474|0.02
2|160|0.05
1|543|0.01
3|423|0.03
2|369|0.05
2|287|0.02
2|393|0.02
1|74|0.02
1|426|0.04
1|649|0.05
1|688|0.06
3|983|0.03
2|60|0.02
2|604|0.02
1|497|0.05
2|30|0.05
3|941|0.05
2|443|0.05
2|115|0.06
2|840|0.05
1|864|0.03
1|465|0.03
2|845|0.03
1|639|0.03
1|972|0.02
2|740|0.04
3|950|0.02
1|237|0.05
1|937|0.01
3|417|0.06
1|727|0.03
1|146|0.05
3|8|0.02
1|930|0.05
1|46|0.06
1|886|0.02
1|117|0.05
1|428|0.02
1|269|0.03
1|265|0.05
3|145|0.05
3|87|0.05
2|784|0.05
3|996|0.04
2|416|0.02
1|794|0.05
2|178|0.01
3|643|0.06
3|215|0.04
2|91|0.03
1|753|0.04
3|766|0.03
2|731|0.04
3|643|0.06
3|508|0.04
1|649|0.02
2|446|0.01
1|119|0.02
3|304|0.05
2|60|0.02
1|314|0.03
1|867|0.04
1|152|0.03
1|176|0.02
2|118|0.04
1|910|0.05
1|572|0.03
3|472|0.03
2|976|0.05
2|184|0.04
3|221|0.02
3|665|0.05
2|547|0.05
2|831|0.02
1|911|0.05
3|147|0.06
1|536|0.06
2|178|0.02
2|276|0.06
1|926|0.03
2|525|0.05
3|748|0.03
1|563|0.05
3|601|0.03
3|325|0.03
2|645|0.05
1|485|0.04
3|680|0.03
3|293|0.04
3|423|0.02
2|175|0.03
3|343|0.04
1|294|0.05
3|207|0.05
1|658|0.05
1|314|0.01
3|256|0.06
1|611|0.05
1|238|0.02
3|267|0.01
3|200|0.05
1|580|0.06
3|755|0.02
2|202|0.02
3|587|0.02
2|387|0.02
3|546|0.03
2|275|0.05
2|248|0.01
3|36|0.05
1|563|0.05
3|843|0.03
3|278|0.02
2|471|0.04
3|469|0.05
2|150|0.04
3|862|0.02
2|586|0.01
1|808|0.04
1|497|0.06
2|557|0.05
1|467|0.02
1|92|0.02
2|604|0.04
2|756|0.03
1|153|0.06
2|802|0.02
2|387|0.05
3|996|0.02
2|899|0.03
3|789|0.03
1|114|0.01
2|99|0.05
3|372|0.02
3|987|0.05
2|935|0.05
1|974|0.03
2|833|0.02
3|739|0.01
2|333|0.01
1|883|0.03
3|568|0.03
2|363|0.02
3|124|0.05
1|972|0.01
3|825|0.05
3|474|0.02
2|251|0.03
3|318|0.04
1|467|0.01
1|505|0.02
2|38|0.05
3|167|0.03
2|504|0.05
1|4|0.03
1|224|0.03
2|348|0.04
2|640|0.05
3|508|0.04
1|493|0.06
1|848|0.05
1|412|0.04
2|989|0.02
1|917|0.04
1|193|0.03
1|234|0.04
3|920|0.04
1|493|0.01
3|568|0.03
2|750|0.05
2|787|0.06
1|644|0.04
1|163|0.05
2|160|0.01
3|337|0.05
1|479|0.02
3|337|0.03
1|783|0.02
3|304|0.03
3|337|0.02
1|121|0.01
3|901|0.06
3|417|0.02
3|672|0.04
3|18|0.05
1|694|0.06
3|888|0.03
1|797|0.02
3|761|0.05
1|538|0.01
1|575|0.03
3|771|0.03
2|219|0.04
3|200|0.02
1|966|0.06
2|338|0.03
2|402|0.02
1|291|0.03
2|725|0.04
3|757|0.06
3|422|0.05
1|154|0.03
3|739|0.02
2|38|0.01
3|293|0.06
3|948|0.04
1|334|0.05
1|848|0.03
3|418|0.03
3|376|0.02
1|302|0.05
2|9|0.02
1|667|0.04
1|427|0.06
1|644|0.06
1|445|0.04
1|105|0.03
2|532|0.04
1|543|0.06
3|262|0.05
3|798|0.03
3|277|0.04
2|244|0.01
1|350|0.05
1|274|0.02
3|596|0.01
1|465|0.05
3|990|0.04
2|805|0.03
2|914|0.03
1|77|0.04
3|949|0.03
3|406|0.06
2|374|0.01
2|510|0.04
2|332|0.05
3|135|0.03
1|186|0.06
3|779|0.03
2|751|0.05
3|361|0.05
3|225|0.04
3|749|0.05
1|764|0.02
3|94|0.05
3|793|0.04
1|14|0.04
2|348|0.02
2|532|0.01
2|287|0.05
1|477|0.03
2|682|0.05
2|196|0.02
1|166|0.01
3|793|0.05
1|355|0.04
3|825|0.04
1|619|0.01
1|974|0.03
3|200|0.02
1|588|0.04
1|154|0.03
2|60|0.02
3|124|0.04
2|332|0.03
3|936|0.05
3|695|0.05
3|112|0.01
1|13|0.05
1|876|0.03
2|328|0.01
2|725|0.05
3|137|0.01
3|953|0.04
1|22|0.03
1|637|0.01
3|680|0.06
1|92|0.03
3|8|0.04
1|238|0.02
2|368|0.05
2|610|0.05
2|282|0.01
2|593|0.04
3|760|0.04
3|231|0.03
1|865|0.03
2|747|0.04
3|203|0.01
2|810|0.03
1|355|0.03
3|400|0.03
1|701|0.03
1|582|0.05
2|32|0.03
3|590|0.02
1|358|0.04
2|282|0.04
2|180|0.01
3|330|0.05
1|930|0.04
3|788|0.05
2|108|0.05
1|502|0.05
1|999|0.05
3|693|0.06
2|148|0.03
2|69|0.05
1|371|0.04
3|298|0.06
3|652|0.04
2|204|0.04
3|413|0.03
2|548|0.03
3|686|0.02
1|57|0.04
3|730|0.06
1|412|0.02
1|861|0.05
1|166|0.05
2|150|0.02
1|910|0.05
2|438|0.05
2|342|0.02
3|643|0.04
3|245|0.02
2|185|0.02
1|944|0.04
2|179|0.04
1|253|0.05
2|532|0.01
1|769|0.03
3|878|0.04
3|414|0.04
1|608|0.02
1|642|0.02
3|854|0.05
1|121|0.02
2|939|0.06
1|506|0.05
3|95|0.04
2|661|0.06
3|433|0.02
2|62|0.03
1|121|0.03
3|104|0.02
3|124|0.04
1|995|0.04
3|420|0.04
2|875|0.05
2|746|0.05
2|653|0.06
3|209|0.05
2|164|0.04
2|659|0.06
2|526|0.02
3|948|0.03
1|819|0.06
2|638|0.03
3|584|0.03
1|450|0.06
3|98|0.04
3|948|0.05
2|906|0.01
1|61|0.05
1|432|0.05
1|667|0.04
3|629|0.05
3|469|0.04
3|663|0.04
2|348|0.01
2|464|0.01
3|730|0.06
1|900|0.03
3|439|0.06
1|198|0.06
1|467|0.01
3|75|0.05
3|987|0.03
2|822|0.06
1|895|0.04
2|813|0.03
1|186|0.04
1|691|0.05
2|593|0.02
3|758|0.04
1|892|0.01
3|419|0.05
1|581|0.06
1|193|0.02
1|917|0.02
1|992|0.01
2|566|0.04
2|169|0.04
1|452|0.05
1|819|0.04
1|117|0.02
3|90|0.04
3|545|0.01
1|844|0.06
1|327|0.06
1|405|0.05
3|89|0.05
3|711|0.04
2|515|0.04
1|399|0.02
3|851|0.05
2|982|0.04
3|466|0.05
2|675|0.05
3|200|0.06
1|803|0.01
3|322|0.03
2|258|0.02
1|613|0.05
2|569|0.02
3|297|0.01
2|828|0.04
1|580|0.03
3|256|0.03
3|366|0.01
1|371|0.06
2|776|0.01
3|676|0.05
1|123|0.04
2|982|0.03
2|849|0.04
1|76|0.03
2|122|0.04
2|272|0.01
2|594|0.01
1|459|0.04
2|914|0.03
3|406|0.02
1|294|0.03
2|877|0.04
2|586|0.01
1|684|0.01
2|335|0.05
1|7|0.02
2|609|0.02
3|259|0.03
1|626|0.02
2|363|0.03
3|662|0.05
1|220|0.05
3|786|0.02
3|343|0.04
3|78|0.02
1|129|0.04
2|521|0.01
2|561|0.02
2|73|0.03
1|465|0.01
2|833|0.04
3|733|0.02
1|702|0.04
2|324|0.05
2|645|0.01
3|663|0.06
3|381|0.02
2|515|0.05
2|342|0.03
1|74|0.01
2|734|0.04
2|549|0.04
3|298|0.02
3|380|0.04
2|435|0.01
3|660|0.03
1|770|0.03
1|426|0.04
1|922|0.02
2|194|0.05
1|86|0.02
2|784|0.04
2|179|0.06
3|297|0.04
2|180|0.06
3|524|0.04
1|930|0.04
1|511|0.05
1|421|0.05
1|696|0.05
2|309|0.06
2|638|0.03
2|329|0.02
1|642|0.05
2|118|0.04
2|258|0.03
1|350|0.02
1|460|0.02
2|515|0.03
2|258|0.04
2|896|0.06
3|55|0.04
1|717|0.03
2|659|0.04
2|103|0.05
1|220|0.03
1|375|0.02
2|802|0.04
1|59|0.06
2|756|0.02
3|596|0.03
3|78|0.05
2|315|0.03
2|682|0.04
3|552|0.04
3|788|0.03
3|157|0.01
1|33|0.06
1|544|0.03
3|730|0.03
2|791|0.03
2|976|0.03
1|7|0.03
1|767|0.05
3|391|0.02
2|38|0.06
1|116|0.05
1|666|0.04
3|695|0.05
3|798|0.02
2|424|0.03
3|267|0.02
3|52|0.04
3|380|0.04
1|119|0.01
2|734|0.04
1|632|0.02
1|829|0.01
3|508|0.03
2|604|0.04
1|889|0.02
2|697|0.01
1|168|0.06
3|737|0.05
3|524|0.05
2|342|0.03
1|780|0.06
2|561|0.04
1|651|0.06
2|641|0.05
3|372|0.04
2|251|0.05
2|348|0.03
1|972|0.05
1|240|0.03
2|750|0.02
3|560|0.04
3|758|0.03
3|835|0.03
1|717|0.06
2|828|0.04
1|619|0.04
3|779|0.03
3|39|0.04
1|637|0.06
2|828|0.02
1|804|0.04
2|638|0.05
3|284|0.06
1|72|0.04
1|700|0.02
2|424|0.06
3|835|0.03
3|749|0.06
3|376|0.05
3|82|0.04
3|970|0.05
3|15|0.02
1|858|0.05
2|782|0.04
3|382|0.03
2|69|0.04
2|411|0.06
3|952|0.04
1|146|0.01
3|155|0.01
2|699|0.03
3|456|0.02
3|293|0.02
1|598|0.05
3|928|0.03
2|91|0.04
2|567|0.02
2|368|0.02
1|812|0.02
1|897|0.04
3|739|0.02
3|323|0.05
3|434|0.01
2|533|0.02
3|126|0.04
1|808|0.01
1|700|0.04
3|635|0.03
2|300|0.05
1|518|0.03
1|944|0.06
2|805|0.03
3|318|0.05
2|988|0.03
3|197|0.05
2|810|0.02
1|812|0.05
1|544|0.03
2|130|0.05
1|105|0.05
3|554|0.06
1|152|0.02
1|10|0.05
3|901|0.05
2|656|0.01
1|694|0.03
1|314|0.06
2|750|0.05
3|913|0.04
2|449|0.03
1|565|0.06
1|302|0.01
2|893|0.02
3|724|0.04
2|594|0.04
2|852|0.02
3|568|0.05
1|33|0.03
3|869|0.03
2|530|0.06
1|626|0.01
1|460|0.02
1|588|0.02
1|34|0.02
2|604|0.04
3|789|0.04
2|859|0.03
3|47|0.02
2|818|0.02
3|97|0.02
3|687|0.04
2|881|0.02
3|710|0.04
1|57|0.06
3|137|0.05
1|705|0.04
1|467|0.02
2|982|0.04
3|710|0.02
3|736|0.06
1|13|0.05
3|75|0.04
3|403|0.03
2|906|0.04
1|889|0.05
3|39|0.01
3|325|0.04
2|38|0.05
2|782|0.03
1|105|0.03
1|507|0.02
2|440|0.05
2|213|0.03
3|763|0.06
1|696|0.02
2|850|0.04
2|706|0.03
2|62|0.01
3|869|0.02
2|747|0.05
1|495|0.05
3|652|0.01
2|463|0.02
1|426|0.02
3|595|0.05
1|237|0.01
3|252|0.05
1|457|0.05
2|0|0.02
1|925|0.04
3|587|0.05
1|915|0.02
2|223|0.05
3|839|0.01
1|249|0.01
1|591|0.05
2|659|0.04
2|409|0.04
1|163|0.04
2|396|0.05
1|254|0.04
2|93|0.03
3|496|0.04
2|286|0.03
1|84|0.05
1|299|0.05
2|880|0.04
3|351|0.04
3|601|0.03
1|544|0.06
3|601|0.02
3|54|0.01
3|318|0.05
1|383|0.04
3|655|0.05
3|102|0.04
2|836|0.03
1|467|0.04
3|381|0.04
1|497|0.04
2|70|0.04
1|247|0.03
2|384|0.02
1|198|0.04
1|507|0.04
1|832|0.02
3|998|0.02
3|496|0.01
1|33|0.02
3|969|0.05
2|481|0.04
3|954|0.06
1|519|0.06
2|721|0.06
2|80|0.01
3|215|0.02
1|399|0.05
3|635|0.05
3|157|0.03
2|446|0.05
3|422|0.03
2|525|0.05
1|654|0.04
2|100|0.06
3|590|0.03
1|334|0.04
1|238|0.05
1|206|0.06
1|81|0.02
1|860|0.04
2|698|0.04
2|431|0.01
1|995|0.02
1|714|0.04
2|607|0.02
2|409|0.01
2|348|0.04
3|147|0.03
1|152|0.06
2|189|0.03
2|339|0.04
3|97|0.04
1|972|0.06
1|279|0.05
2|927|0.05
1|292|0.02
3|199|0.05
3|834|0.03
2|363|0.05
2|189|0.02
1|889|0.04
1|637|0.02
2|531|0.04
1|131|0.01
2|49|0.03
1|227|0.02
2|85|0.02
3|919|0.05
3|322|0.01
2|219|0.05
2|914|0.04
1|830|0.03
3|736|0.03
3|596|0.01
2|339|0.04
3|417|0.01
1|608|0.04
2|338|0.04
1|543|0.06
3|188|0.05
3|44|0.01
1|364|0.05
2|653|0.05
2|190|0.05
2|324|0.01
1|452|0.02
3|89|0.03
1|924|0.03
1|46|0.03
2|977|0.05
2|533|0.06
2|435|0.02
3|201|0.02
2|557|0.06
3|278|0.01
1|176|0.02
2|363|0.03
1|769|0.02
2|722|0.02
3|322|0.05
1|269|0.03
1|120|0.03
1|114|0.03
2|288|0.02
2|697|0.05
2|160|0.01
1|703|0.05
2|223|0.05
2|991|0.03
1|705|0.06
2|792|0.02
1|867|0.01
3|316|0.01
2|288|0.02
1|694|0.03
1|900|0.04
3|199|0.05
1|426|0.04
1|908|0.05
1|864|0.05
3|964|0.02
2|729|0.05
1|543|0.03
3|64|0.04
2|525|0.03
1|174|0.05
1|239|0.06
3|75|0.04
1|582|0.06
2|750|0.03
1|658|0.05
1|705|0.06
2|541|0.02
2|38|0.06
3|145|0.04
1|744|0.03
3|64|0.03
1|86|0.06
3|372|0.04
3|491|0.01
2|874|0.05
2|242|0.03
1|86|0.04
1|389|0.06
2|826|0.05
3|537|0.03
3|552|0.02
3|862|0.06
1|867|0.03
2|504|0.04
1|401|0.04
1|926|0.04
1|479|0.06
3|241|0.03
1|505|0.06
2|430|0.03
3|558|0.03
2|386|0.01
3|480|0.06
3|15|0.06
1|705|0.05
1|350|0.05
3|191|0.01
3|40|0.04
3|257|0.06
2|852|0.05
3|984|0.03
3|125|0.04
1|670|0.05
3|933|0.02
2|363|0.03
1|437|0.05
2|776|0.03
3|733|0.01
1|14|0.05
2|331|0.01
1|84|0.02
3|135|0.02
3|281|0.04
1|639|0.06
1|63|0.02
1|696|0.03
2|989|0.02
2|115|0.06
2|329|0.05
2|640|0.03
2|91|0.03
2|444|0.05
1|830|0.03
3|866|0.04
3|343|0.01
1|994|0.03
2|868|0.03
2|387|0.05
2|367|0.03
3|652|0.01
1|974|0.06
2|645|0.06
3|278|0.04
2|276|0.03
1|65|0.05
2|541|0.06
2|1|0.02
3|931|0.02
3|843|0.02
1|452|0.05
3|916|0.01
3|723|0.03
2|301|0.06
3|902|0.03
2|373|0.06
3|469|0.05
2|775|0.06
2|321|0.05
3|135|0.02
3|801|0.04
1|892|0.02
1|240|0.02
2|734|0.01
1|696|0.04
2|625|0.03
1|227|0.03
3|680|0.01
3|330|0.01
1|92|0.02
2|148|0.04
3|305|0.05
2|896|0.05
3|952|0.06
2|60|0.04
3|349|0.02
2|446|0.05
2|989|0.02
1|389|0.04
1|650|0.03
1|908|0.03
3|215|0.01
2|899|0.03
3|755|0.04
1|247|0.04
1|570|0.04
2|464|0.04
3|231|0.06
1|389|0.04
2|549|0.02
3|261|0.02
2|236|0.03
1|428|0.04
1|764|0.04
3|325|0.05
2|986|0.03
1|506|0.05
1|689|0.03
2|982|0.04
2|738|0.04
2|657|0.06
1|667|0.03
1|903|0.05
2|115|0.02
3|539|0.05
3|68|0.04
2|621|0.03
1|945|0.01
2|499|0.05
3|560|0.04
2|734|0.05
1|292|0.05
3|366|0.05
3|862|0.04
1|452|0.01
2|792|0.04
3|252|0.03
1|842|0.06
2|810|0.06
2|530|0.06
2|194|0.05
2|880|0.02
3|78|0.03
3|760|0.01
1|57|0.05
2|181|0.02
1|493|0.02
1|783|0.04
2|880|0.03
3|816|0.04
2|430|0.04
1|830|0.01
3|8|0.03
2|93|0.05
2|321|0.04
1|812|0.03
2|712|0.01
1|513|0.05
3|933|0.03
3|737|0.03
2|99|0.04
3|779|0.02
3|267|0.02
3|52|0.05
2|792|0.02
2|815|0.01
1|806|0.05
1|720|0.06
3|252|0.05
2|396|0.01
2|177|0.02
1|505|0.04
1|105|0.04
1|570|0.02
1|827|0.05
1|575|0.05
1|886|0.03
2|312|0.03
1|705|0.02
1|626|0.06
3|473|0.03
3|455|0.03
1|299|0.06
2|248|0.04
2|470|0.06
2|657|0.02
2|787|0.04
2|251|0.02
1|769|0.05
1|505|0.05
2|528|0.02
3|998|0.02
3|662|0.05
2|180|0.05
3|587|0.04
1|114|0.06
3|998|0.03
2|520|0.03
2|23|0.02
2|122|0.05
1|932|0.04
1|139|0.05
2|593|0.02
2|787|0.02
1|830|0.03
2|373|0.01
1|745|0.03
3|90|0.04
1|31|0.01
1|608|0.05
1|218|0.06
1|314|0.01
2|160|0.02
1|769|0.05
1|703|0.05
1|551|0.05
2|288|0.05
1|934|0.04
2|196|0.03
3|147|0.01
3|918|0.02
2|893|0.05
2|333|0.03
3|45|0.03
3|128|0.01
2|301|0.06
1|357|0.04
1|477|0.02
1|119|0.04
3|928|0.02
2|656|0.04
1|812|0.06
3|816|0.02
1|689|0.02
1|63|0.02
3|936|0.03
3|739|0.03
2|741|0.04
2|328|0.05
1|999|0.02
3|616|0.03
3|200|0.02
3|89|0.02
2|698|0.02
2|313|0.04
3|64|0.03
2|782|0.05
3|372|0.05
2|542|0.02
2|342|0.02
1|452|0.04
2|721|0.05
3|655|0.02
2|640|0.05
1|753|0.03
3|349|0.05
2|160|0.05
3|162|0.02
3|414|0.02
1|860|0.02
2|914|0.05
1|477|0.05
3|388|0.02
2|295|0.05
3|98|0.04
2|740|0.02
2|266|0.04
2|38|0.05
2|148|0.02
2|541|0.03
3|577|0.02
3|217|0.06
3|53|0.03
1|780|0.03
1|119|0.05
3|583|0.03
1|365|0.04
2|248|0.02
3|681|0.05
2|742|0.04
3|392|0.03
1|174|0.06
1|502|0.06
2|564|0.04
2|638|0.03
3|319|0.03
3|71|0.05
3|29|0.03
3|686|0.05
2|699|0.03
3|155|0.06
2|751|0.02
1|703|0.05
3|755|0.06
3|159|0.02
1|48|0.06
2|226|0.06
3|763|0.05
1|92|0.03
2|266|0.03
3|763|0.03
3|200|0.02
2|756|0.01
2|486|0.03
1|136|0.03
1|623|0.04
3|761|0.02
1|767|0.03
1|121|0.03
3|126|0.02
1|317|0.05
1|892|0.05
1|502|0.05
2|813|0.06
1|895|0.02
3|316|0.04
2|526|0.02
1|467|0.05
1|65|0.01
2|847|0.04
1|268|0.04
2|272|0.02
3|681|0.02
2|99|0.04
2|531|0.01
3|284|0.03
2|448|0.01
2|32|0.06
3|846|0.04
1|781|0.02
3|45|0.02
3|851|0.05
2|190|0.05
2|251|0.02
3|948|0.02
2|532|0.04
2|982|0.04
2|880|0.02
3|760|0.02
3|24|0.02
2|251|0.04
2|295|0.04
1|485|0.06
1|772|0.05
1|56|0.03
1|77|0.05
3|392|0.03
3|138|0.03
2|204|0.05
2|740|0.03
3|349|0.05
1|341|0.02
1|649|0.03
3|601|0.06
2|223|0.02
1|700|0.02
2|951|0.04
3|946|0.04
2|879|0.03
1|570|0.04
3|97|0.01
1|667|0.03
2|850|0.05
3|252|0.02
3|439|0.04
3|555|0.05
2|898|0.01
1|974|0.05
2|30|0.03
2|729|0.05
1|280|0.04
2|784|0.05
3|969|0.05
2|977|0.02
3|246|0.05
1|945|0.01
3|101|0.03
3|418|0.05
1|930|0.03
3|870|0.01
1|684|0.04
2|440|0.03
2|91|0.03
3|546|0.04
3|628|0.04
3|157|0.03
3|388|0.06
3|503|0.03
2|300|0.02
1|892|0.02
1|237|0.01
1|442|0.03
1|233|0.06
2|586|0.06
2|373|0.02
1|808|0.05
1|860|0.04
1|861|0.04
1|644|0.05
2|385|0.01
3|392|0.05
2|961|0.01
2|329|0.05
2|697|0.04
2|374|0.03
2|871|0.05
1|291|0.02
2|823|0.04
2|180|0.03
3|296|0.03
3|545|0.05
2|295|0.01
1|803|0.04
1|974|0.02
3|655|0.02
3|853|0.01
3|157|0.05
1|347|0.06
2|236|0.02
1|511|0.04
3|343|0.05
1|848|0.01
1|399|0.05
3|447|0.02
1|397|0.02
2|306|0.04
3|491|0.02
3|256|0.05
3|704|0.04
2|826|0.03
3|78|0.03
3|757|0.05
3|98|0.03
2|464|0.06
1|897|0.02
2|609|0.05
2|308|0.03
1|994|0.02
2|444|0.03
2|179|0.05
2|127|0.05
3|316|0.04
1|84|0.04
1|667|0.06
2|481|0.05
3|786|0.01
2|814|0.02
3|128|0.04
1|735|0.04
3|954|0.05
2|729|0.05
3|422|0.06
1|238|0.03
1|934|0.02
2|385|0.05
1|858|0.04
1|146|0.02
2|490|0.04
2|899|0.02
1|538|0.06
1|401|0.06
3|197|0.06
3|376|0.01
2|914|0.02
1|897|0.05
3|763|0.02
1|224|0.03
1|924|0.03
1|714|0.02
1|291|0.03
3|188|0.02
2|276|0.03
3|709|0.04
2|782|0.02
3|599|0.04
3|222|0.05
2|894|0.02
1|860|0.06
2|617|0.05
2|484|0.02
1|513|0.02
3|678|0.04
2|395|0.06
1|74|0.03
1|820|0.04
2|968|0.01
3|759|0.04
1|705|0.06
1|830|0.05
3|361|0.04
2|93|0.02
2|597|0.01
2|342|0.04
2|905|0.02
1|623|0.02
2|706|0.03
2|443|0.05
1|819|0.01
2|438|0.01
1|591|0.02
1|249|0.04
2|226|0.01
3|165|0.02
2|852|0.03
2|151|0.01
3|798|0.02
2|1|0.01
2|484|0.02
1|460|0.03
1|717|0.05
1|830|0.05
1|767|0.05
3|281|0.04
1|2|0.01
3|480|0.03
2|373|0.03
1|562|0.02
3|647|0.03
1|220|0.02
2|324|0.05
2|697|0.05
2|127|0.05
3|587|0.03
3|816|0.03
1|945|0.01
3|155|0.02
2|396|0.03
3|779|0.03
3|624|0.03
3|182|0.04
2|344|0.05
2|850|0.01
3|214|0.05
1|753|0.05
3|508|0.05
3|51|0.03
3|763|0.05
1|864|0.01
1|505|0.04
2|868|0.06
3|79|0.03
1|227|0.05
3|851|0.02
1|864|0.02
2|103|0.05
3|559|0.04
3|749|0.02
2|648|0.05
1|570|0.01
3|425|0.04
3|351|0.04
1|31|0.05
3|217|0.01
1|578|0.04
1|944|0.04
3|635|0.03
1|903|0.03
2|967|0.03
3|695|0.02
1|972|0.05
3|318|0.04
3|45|0.03
1|714|0.06
2|169|0.03
1|668|0.04
2|443|0.04
3|293|0.02
1|876|0.04
1|744|0.05
3|420|0.01
3|79|0.05
1|317|0.01
3|576|0.06
2|93|0.03
2|622|0.03
1|357|0.02
2|898|0.04
3|635|0.02
2|70|0.05
2|396|0.03
2|589|0.05
3|724|0.02
2|815|0.03
2|308|0.06
1|642|0.05
2|721|0.03
1|696|0.02
3|737|0.01
3|599|0.06
1|855|0.03
2|571|0.05
1|572|0.04
2|443|0.01
3|134|0.01
1|714|0.04
1|540|0.05
2|557|0.06
3|516|0.03
2|708|0.02
2|531|0.04
1|623|0.03
2|449|0.04
1|57|0.02
3|340|0.05
2|567|0.01
3|503|0.04
2|792|0.02
2|311|0.03
1|627|0.04
3|834|0.04
2|775|0.06
2|645|0.04
3|372|0.03
1|401|0.05
1|253|0.06
3|928|0.04
2|914|0.06
2|226|0.04
1|193|0.04
2|845|0.01
2|336|0.03
3|946|0.01
2|645|0.05
2|499|0.02
2|896|0.01
3|381|0.01
1|819|0.03
3|330|0.05
2|499|0.04
2|183|0.04
2|625|0.04
3|124|0.02
2|773|0.02
1|611|0.02
2|336|0.01
2|408|0.05
2|85|0.05
3|950|0.06
3|723|0.06
2|840|0.02
3|225|0.03
3|68|0.02
3|297|0.02
1|582|0.05
2|183|0.03
3|221|0.04
1|780|0.03
1|152|0.03
3|524|0.06
1|829|0.05
3|789|0.03
3|44|0.03
2|880|0.01
2|868|0.02
2|379|0.06
1|375|0.04
1|310|0.05
3|319|0.04
1|452|0.05
2|879|0.03
1|795|0.03
3|134|0.02
1|591|0.05
3|537|0.04
2|312|0.03
1|176|0.03
2|776|0.02
1|72|0.06
3|361|0.05
2|335|0.05
1|926|0.04
1|401|0.05
2|306|0.03
2|833|0.05
2|499|0.01
2|484|0.03
1|7|0.03
1|264|0.06
2|484|0.05
2|333|0.04
3|522|0.04
1|536|0.04
1|934|0.04
2|850|0.06
3|241|0.04
1|639|0.06
2|409|0.03
3|568|0.05
1|889|0.04
1|744|0.05
2|847|0.01
1|442|0.05
2|478|0.05
1|254|0.04
1|401|0.03
3|583|0.02
1|399|0.05
3|111|0.06
1|719|0.05
3|53|0.04
3|96|0.05
3|577|0.02
3|78|0.06
2|550|0.05
1|770|0.02
1|876|0.03
1|347|0.01
3|330|0.04
3|602|0.01
3|381|0.05
1|691|0.03
2|656|0.05
3|53|0.03
1|327|0.02
2|775|0.05
2|333|0.04
3|319|0.05
3|558|0.03
1|2|0.03
2|9|0.06
1|631|0.02
1|428|0.03
2|463|0.05
2|228|0.01
3|126|0.03
3|596|0.04
1|895|0.05
2|532|0.01
1|565|0.02
2|991|0.05
3|165|0.03
2|258|0.05
1|658|0.03
2|729|0.06
3|211|0.06
3|425|0.02
3|480|0.01
3|554|0.06
2|556|0.04
1|498|0.02
2|369|0.06
3|964|0.05
2|177|0.06
3|748|0.03
2|315|0.03
2|282|0.02
3|94|0.02
1|651|0.03
3|693|0.05
2|564|0.04
1|428|0.05
1|703|0.05
2|541|0.02
2|967|0.04
2|828|0.04
3|182|0.06
3|29|0.04
3|929|0.04
2|127|0.03
2|151|0.03
2|557|0.06
2|286|0.04
3|765|0.06
3|680|0.03
3|296|0.05
1|445|0.03
3|278|0.03
3|318|0.06
3|87|0.03
3|902|0.04
1|114|0.04
1|117|0.05
1|781|0.01
2|610|0.01
2|574|0.04
3|907|0.04
2|91|0.03
1|174|0.02
1|932|0.04
1|218|0.05
2|118|0.04
2|3|0.02
3|407|0.02
2|527|0.04
3|40|0.05
1|129|0.04
1|512|0.06
1|131|0.05
3|825|0.05
1|317|0.05
2|773|0.05
1|334|0.01
1|598|0.05
1|727|0.01
2|5|0.02
2|30|0.05
2|332|0.01
3|739|0.02
2|625|0.03
1|994|0.04
3|104|0.04
1|654|0.04
2|957|0.02
2|258|0.04
1|932|0.05
1|683|0.03
3|8|0.02
2|103|0.03
3|39|0.02
2|799|0.03
1|910|0.02
3|918|0.06
1|152|0.04
3|584|0.02
1|218|0.02
2|845|0.05
2|906|0.05
2|311|0.03
2|69|0.04
2|597|0.03
1|84|0.02
1|745|0.02
3|984|0.05
1|803|0.05
3|433|0.06
2|435|0.05
2|957|0.06
2|531|0.04
3|801|0.04
2|272|0.02
3|933|0.04
3|261|0.04
2|329|0.04
1|667|0.03
3|748|0.01
3|18|0.01
2|60|0.05
2|699|0.02
2|175|0.03
3|145|0.02
1|827|0.03
3|111|0.04
2|69|0.02
1|679|0.05
3|759|0.01
3|555|0.02
1|461|0.05
3|736|0.01
3|762|0.02
3|134|0.05
1|131|0.04
2|521|0.02
3|98|0.04
3|496|0.04
1|495|0.05
3|596|0.02
3|590|0.03
2|715|0.04
2|849|0.01
1|872|0.05
2|396|0.05
2|589|0.03
1|980|0.03
2|875|0.04
3|55|0.05
1|509|0.02
3|12|0.05
3|559|0.05
1|154|0.03
1|764|0.05
3|676|0.01
2|979|0.04
3|616|0.06
1|475|0.06
2|586|0.05
1|390|0.01
3|102|0.02
3|322|0.05
1|116|0.05
3|758|0.05
2|556|0.02
1|31|0.04
1|462|0.02
3|231|0.04
3|345|0.04
2|973|0.05
3|320|0.03
2|722|0.02
2|564|0.03
3|492|0.03
1|139|0.03
2|164|0.02
2|715|0.05
3|870|0.05
3|918|0.05
1|631|0.04
1|7|0.01
3|104|0.03
1|774|0.03
2|881|0.05
2|37|0.04
2|9|0.05
2|520|0.05
1|10|0.05
2|0|0.05
2|189|0.04
1|294|0.01
2|802|0.04
3|920|0.02
2|178|0.03
3|947|0.03
1|992|0.04
1|193|0.03
2|838|0.01
3|466|0.02
3|793|0.01
3|473|0.06
1|479|0.05
1|543|0.04
2|871|0.06
2|187|0.02
3|583|0.04
1|507|0.05
1|371|0.06
1|2|0.05
3|907|0.05
1|467|0.03
2|309|0.04
2|571|0.04
1|915|0.04
2|525|0.02
2|893|0.05
3|128|0.03
3|35|0.05
2|836|0.01
3|737|0.04
1|152|0.03
3|188|0.06
1|84|0.04
3|524|0.06
1|501|0.03
2|454|0.03
3|296|0.02
1|578|0.03
3|378|0.03
3|824|0.02
3|987|0.02
1|237|0.03
3|378|0.02
1|974|0.05
1|370|0.01
3|955|0.04
1|509|0.03
1|271|0.03
3|135|0.01
1|523|0.04
1|136|0.05
3|95|0.04
2|594|0.01
1|637|0.04
1|770|0.02
2|368|0.05
3|878|0.03
3|816|0.03
1|116|0.05
2|988|0.04
2|530|0.03
3|851|0.06
1|154|0.01
3|165|0.02
1|572|0.03
2|896|0.04
3|159|0.02
1|253|0.05
3|777|0.04
3|789|0.03
2|486|0.04
3|281|0.04
2|896|0.01
1|452|0.03
3|763|0.02
1|114|0.02
2|468|0.04
3|296|0.05
2|205|0.05
2|170|0.02
3|429|0.02
3|376|0.06
2|566|0.02
2|871|0.06
3|652|0.04
3|763|0.05
2|847|0.05
1|575|0.06
1|781|0.03
3|869|0.04
2|108|0.05
2|740|0.04
3|297|0.01
1|895|0.02
3|674|0.05
3|425|0.06
2|927|0.01
2|742|0.01
2|520|0.05
3|503|0.04
3|953|0.06
3|19|0.05
3|739|0.05
2|809|0.06
1|41|0.03
3|289|0.02
3|257|0.01
2|525|0.05
1|575|0.04
1|753|0.05
2|49|0.05
3|102|0.05
3|215|0.05
1|895|0.05
2|223|0.05
2|697|0.04
1|694|0.02
2|850|0.04
2|787|0.02
1|353|0.04
3|126|0.01
3|12|0.03
1|353|0.03
3|245|0.04
3|298|0.04
3|757|0.05
3|422|0.03
1|146|0.04
2|988|0.05
3|425|0.02
3|907|0.01
1|153|0.03
3|786|0.04
2|342|0.03
3|209|0.04
1|327|0.03
2|823|0.01
3|101|0.05
2|531|0.01
2|776|0.05
3|24|0.03
1|460|0.03
1|994|0.02
2|481|0.02
1|942|0.04
3|669|0.03
2|311|0.05
2|103|0.04
3|257|0.04
1|705|0.03
3|801|0.05
2|904|0.04
2|486|0.06
3|104|0.02
3|403|0.02
1|432|0.04
3|53|0.01
1|427|0.05
1|942|0.02
3|188|0.03
1|65|0.03
1|485|0.05
1|350|0.05
3|191|0.02
2|791|0.03
2|219|0.03
3|962|0.04
1|842|0.01
3|535|0.05
2|172|0.04
1|84|0.03
2|526|0.02
2|898|0.04
1|858|0.02
3|811|0.02
3|655|0.02
2|818|0.05
2|721|0.03
1|114|0.03
1|224|0.03
2|826|0.03
1|383|0.03
2|530|0.06
1|249|0.03
1|794|0.03
1|890|0.03
2|468|0.04
1|827|0.05
3|535|0.01
1|341|0.03
2|586|0.01
3|928|0.01
2|118|0.04
3|834|0.05
1|459|0.06
3|635|0.05
3|555|0.04
2|567|0.05
3|496|0.03
2|571|0.02
1|692|0.04
3|777|0.02
3|843|0.03
1|442|0.03
3|554|0.02
2|625|0.06
2|905|0.02
3|693|0.03
3|517|0.06
1|911|0.02
2|574|0.03
2|438|0.04
2|756|0.04
3|928|0.05
1|764|0.04
2|782|0.05
3|337|0.05
3|98|0.04
2|879|0.05
1|131|0.06
3|12|0.02
2|326|0.02
2|640|0.05
1|477|0.01
1|347|0.05
1|186|0.02
3|996|0.06
2|175|0.02
2|169|0.01
2|144|0.04
1|940|0.04
1|239|0.05
1|218|0.05
3|25|0.05
2|236|0.03
2|657|0.05
3|325|0.02
1|912|0.01
3|480|0.06
3|451|0.05
3|298|0.03
3|678|0.03
3|546|0.06
3|919|0.06
1|900|0.03
1|944|0.01
2|49|0.03
1|364|0.05
3|361|0.02
2|740|0.05
2|436|0.04
1|867|0.03
2|836|0.04
3|946|0.03
1|618|0.05
3|779|0.04
2|529|0.04
3|969|0.06
2|856|0.06
3|998|0.04
2|107|0.02
1|193|0.02
3|15|0.05
2|594|0.05
1|117|0.06
2|444|0.03
2|722|0.05
3|128|0.04
3|491|0.04
3|678|0.02
3|222|0.04
3|687|0.06
3|629|0.06
3|284|0.01
3|257|0.01
1|639|0.02
2|93|0.04
1|445|0.03
2|610|0.03
3|340|0.05
3|978|0.05
2|859|0.01
3|955|0.02
3|203|0.05
3|267|0.05
2|32|0.05
2|967|0.06
1|922|0.04
2|597|0.01
3|891|0.03
3|846|0.02
3|207|0.05
2|312|0.04
2|338|0.02
1|341|0.03
3|388|0.01
3|451|0.03
3|441|0.02
1|33|0.03
1|992|0.03
2|698|0.01
1|58|0.03
2|899|0.03
3|138|0.06
2|448|0.01
3|382|0.04
3|920|0.03
1|519|0.06
1|465|0.06
1|827|0.05
2|531|0.06
1|910|0.05
3|662|0.03
3|229|0.02
1|445|0.02
2|178|0.05
2|887|0.05
1|120|0.04
3|96|0.03
1|694|0.04
1|691|0.04
2|100|0.02
2|773|0.02
3|646|0.05
3|18|0.06
3|711|0.04
1|701|0.04
3|835|0.03
2|223|0.03
2|656|0.03
3|165|0.02
3|718|0.04
2|574|0.05
1|421|0.03
2|751|0.04
3|361|0.05
3|843|0.05
2|367|0.01
2|967|0.02
1|837|0.03
1|327|0.02
3|29|0.02
1|886|0.04
3|55|0.02
3|245|0.05
2|756|0.04
2|177|0.02
3|394|0.02
3|629|0.04
3|655|0.04
2|569|0.03
2|23|0.03
3|652|0.01
1|437|0.02
3|256|0.05
3|824|0.05
1|123|0.02
2|566|0.02
2|847|0.02
3|573|0.06
1|993|0.03
1|412|0.03
1|565|0.03
2|586|0.04
2|550|0.06
3|267|0.03
1|198|0.02
1|767|0.03
2|115|0.04
2|549|0.05
1|942|0.04
3|759|0.01
3|576|0.02
3|125|0.05
3|155|0.01
2|715|0.06
1|445|0.06
3|145|0.02
3|901|0.01
1|917|0.04
2|566|0.06
3|447|0.02
3|285|0.05
3|560|0.03
2|339|0.04
3|378|0.06
3|948|0.01
3|779|0.03
3|216|0.01
3|916|0.01
3|391|0.03
2|404|0.01
3|281|0.02
3|765|0.01
3|970|0.05
1|534|0.04
2|344|0.06
1|247|0.05
3|298|0.02
3|919|0.05
3|503|0.06
2|526|0.05
3|584|0.06
1|649|0.06
3|583|0.02
3|633|0.06
1|570|0.05
2|205|0.04
3|643|0.03
1|57|0.05
3|537|0.06
1|994|0.05
3|305|0.02
1|461|0.02
2|877|0.05
1|897|0.03
2|194|0.01
2|360|0.06
3|394|0.06
1|358|0.03
2|312|0.03
1|785|0.04
1|116|0.06
3|726|0.04
1|453|0.03
1|744|0.05
1|972|0.02
2|729|0.04
1|13|0.06
2|171|0.03
3|322|0.04
3|20|0.05
2|741|0.03
1|716|0.05
3|916|0.04
1|280|0.02
2|593|0.03
2|219|0.05
2|734|0.01
2|374|0.04
1|34|0.03
1|238|0.02
3|259|0.03
3|929|0.06
3|522|0.03
3|913|0.05
1|274|0.03
2|260|0.03
3|998|0.03
3|376|0.03
1|668|0.05
3|854|0.05
3|89|0.05
2|202|0.03
2|3|0.06
2|213|0.03
3|978|0.02
1|136|0.06
2|881|0.03
1|873|0.03
3|655|0.02
3|319|0.06
3|663|0.04
2|236|0.01
3|425|0.05
2|486|0.05
2|634|0.04
2|329|0.04
3|685|0.02
3|296|0.02
3|516|0.01
2|965|0.01
2|3|0.02
2|295|0.04
2|553|0.06
2|26|0.03
3|919|0.05
3|140|0.03
2|547|0.04
1|664|0.03
